domain,agegroup,human20_585
CHN,0,0.053138
CHN,5,0.050278
CHN,10,0.052694
CHN,15,0.056921
CHN,20,0.073771
CHN,25,0.094586
CHN,30,0.075059
CHN,35,0.071845
CHN,40,0.085899
CHN,45,0.09106
CHN,50,0.076651
CHN,55,0.056252
CHN,60,0.057429
CHN,65,0.039924
CHN,70,0.026698
CHN,75,0.019697
CHN,80,0.011997
CHN,85,0.004708
CHN,90,0.001167
CHN,95,0.00023
PRK,0,0.068378
PRK,5,0.064552
PRK,10,0.068665
PRK,15,0.076213
PRK,20,0.084308
PRK,25,0.079629
PRK,30,0.072996
PRK,35,0.070188
PRK,40,0.080259
PRK,45,0.081364
PRK,50,0.066615
PRK,55,0.050922
PRK,60,0.03905
PRK,65,0.031575
PRK,70,0.029819
PRK,75,0.020502
PRK,80,0.00978
PRK,85,0.003897
PRK,90,0.00109
PRK,95,0.000196
missing,0,0.04505
missing,5,0.041683
missing,10,0.049467
missing,15,0.063619
missing,20,0.068252
missing,25,0.067421
missing,30,0.080556
missing,35,0.086158
missing,40,0.075784
missing,45,0.07818
missing,50,0.079567
missing,55,0.07385
missing,60,0.06461
missing,65,0.041545
missing,70,0.028708
missing,75,0.023885
missing,80,0.016424
missing,85,0.010032
missing,90,0.003962
missing,95,0.001246
KHM,0,0.112307
KHM,5,0.102783
KHM,10,0.09807
KHM,15,0.098573
KHM,20,0.099853
KHM,25,0.093184
KHM,30,0.07967
KHM,35,0.06151
KHM,40,0.050974
KHM,45,0.049196
KHM,50,0.044231
KHM,55,0.035455
KHM,60,0.025982
KHM,65,0.019054
KHM,70,0.012684
KHM,75,0.008578
KHM,80,0.004955
KHM,85,0.002184
KHM,90,0.000633
KHM,95,0.000125
IDN,0,0.085183
IDN,5,0.092433
IDN,10,0.093135
IDN,15,0.08812
IDN,20,0.082847
IDN,25,0.08095
IDN,30,0.082058
IDN,35,0.07964
IDN,40,0.072752
IDN,45,0.063421
IDN,50,0.053034
IDN,55,0.042106
IDN,60,0.030886
IDN,65,0.021294
IDN,70,0.014696
IDN,75,0.009492
IDN,80,0.005117
IDN,85,0.002143
IDN,90,0.00057
IDN,95,0.000122
LAO,0,0.116375
LAO,5,0.107261
LAO,10,0.108128
LAO,15,0.106774
LAO,20,0.100813
LAO,25,0.091387
LAO,30,0.077096
LAO,35,0.063479
LAO,40,0.053109
LAO,45,0.045342
LAO,50,0.038633
LAO,55,0.030347
LAO,60,0.021885
LAO,65,0.015305
LAO,70,0.010634
LAO,75,0.007119
LAO,80,0.003962
LAO,85,0.001683
LAO,90,0.000549
LAO,95,0.000121
MYS,0,0.083419
MYS,5,0.085916
MYS,10,0.088335
MYS,15,0.09371
MYS,20,0.097197
MYS,25,0.096687
MYS,30,0.085757
MYS,35,0.070776
MYS,40,0.061055
MYS,45,0.054304
MYS,50,0.049124
MYS,55,0.041296
MYS,60,0.032936
MYS,65,0.024556
MYS,70,0.01534
MYS,75,0.010476
MYS,80,0.005394
MYS,85,0.002874
MYS,90,0.000692
MYS,95,0.000156
MDV,0,0.096464
MDV,5,0.077641
MDV,10,0.068181
MDV,15,0.077448
MDV,20,0.107599
MDV,25,0.129351
MDV,30,0.115514
MDV,35,0.084663
MDV,40,0.062976
MDV,45,0.050818
MDV,50,0.040615
MDV,55,0.029349
MDV,60,0.019225
MDV,65,0.012567
MDV,70,0.01043
MDV,75,0.008453
MDV,80,0.005556
MDV,85,0.002339
MDV,90,0.000657
MDV,95,0.000153
MMR,0,0.097685
MMR,5,0.094728
MMR,10,0.096565
MMR,15,0.092996
MMR,20,0.086277
MMR,25,0.08138
MMR,30,0.076641
MMR,35,0.070659
MMR,40,0.064612
MMR,45,0.057888
MMR,50,0.050208
MMR,55,0.041085
MMR,60,0.032306
MMR,65,0.02114
MMR,70,0.014812
MMR,75,0.010201
MMR,80,0.006474
MMR,85,0.003222
MMR,90,0.000924
MMR,95,0.000196
PHL,0,0.118088
PHL,5,0.106742
PHL,10,0.102794
PHL,15,0.099945
PHL,20,0.092851
PHL,25,0.08185
PHL,30,0.071931
PHL,35,0.066077
PHL,40,0.057278
PHL,45,0.051588
PHL,50,0.043123
PHL,55,0.034897
PHL,60,0.026675
PHL,65,0.018489
PHL,70,0.011816
PHL,75,0.00829
PHL,80,0.004522
PHL,85,0.00216
PHL,90,0.000737
PHL,95,0.000146
LKA,0,0.07971
LKA,5,0.084791
LKA,10,0.082859
LKA,15,0.078145
LKA,20,0.07564
LKA,25,0.071633
LKA,30,0.077144
LKA,35,0.073463
LKA,40,0.065627
LKA,45,0.063138
LKA,50,0.05982
LKA,55,0.05397
LKA,60,0.046685
LKA,65,0.035467
LKA,70,0.023252
LKA,75,0.014647
LKA,80,0.008558
LKA,85,0.003867
LKA,90,0.001274
LKA,95,0.00031
THA,0,0.051179
THA,5,0.055349
THA,10,0.061519
THA,15,0.070245
THA,20,0.071037
THA,25,0.068267
THA,30,0.076512
THA,35,0.081117
THA,40,0.083203
THA,45,0.083431
THA,50,0.076248
THA,55,0.066208
THA,60,0.050883
THA,65,0.036764
THA,70,0.025791
THA,75,0.019881
THA,80,0.012593
THA,85,0.006474
THA,90,0.002419
THA,95,0.00088
TLS,0,0.13685
TLS,5,0.130393
TLS,10,0.130206
TLS,15,0.116143
TLS,20,0.092799
TLS,25,0.075098
TLS,30,0.054859
TLS,35,0.046837
TLS,40,0.046615
TLS,45,0.039589
TLS,50,0.027696
TLS,55,0.024343
TLS,60,0.026741
TLS,65,0.022425
TLS,70,0.015875
TLS,75,0.007427
TLS,80,0.004028
TLS,85,0.001586
TLS,90,0.00041
TLS,95,0.000081
missing,0,0.080911
missing,5,0.078122
missing,10,0.072431
missing,15,0.0772
missing,20,0.091894
missing,25,0.094244
missing,30,0.086886
missing,35,0.07712
missing,40,0.072044
missing,45,0.065279
missing,50,0.059677
missing,55,0.04887
missing,60,0.034487
missing,65,0.019225
missing,70,0.014889
missing,75,0.012336
missing,80,0.008792
missing,85,0.003989
missing,90,0.001283
missing,95,0.000322
FJI,0,0.103811
FJI,5,0.098718
FJI,10,0.089009
FJI,15,0.086321
FJI,20,0.085007
FJI,25,0.081475
FJI,30,0.079989
FJI,35,0.07204
FJI,40,0.060003
FJI,45,0.058009
FJI,50,0.054961
FJI,55,0.044799
FJI,60,0.032486
FJI,65,0.023226
FJI,70,0.01518
FJI,75,0.008601
FJI,80,0.004406
FJI,85,0.001546
FJI,90,0.000328
FJI,95,0.000084
KIR,0,0.127472
KIR,5,0.120855
KIR,10,0.105784
KIR,15,0.097968
KIR,20,0.096949
KIR,25,0.086988
KIR,30,0.07198
KIR,35,0.061977
KIR,40,0.052978
KIR,45,0.04606
KIR,50,0.041505
KIR,55,0.033188
KIR,60,0.023849
KIR,65,0.013724
KIR,70,0.00984
KIR,75,0.005303
KIR,80,0.002499
KIR,85,0.000866
KIR,90,0.000191
KIR,95,0.000024
MHL,0,0.115633
MHL,5,0.117072
MHL,10,0.108935
MHL,15,0.095922
MHL,20,0.088164
MHL,25,0.086157
MHL,30,0.082521
MHL,35,0.070628
MHL,40,0.057549
MHL,45,0.047979
MHL,50,0.040209
MHL,55,0.033013
MHL,60,0.025187
MHL,65,0.01581
MHL,70,0.007866
MHL,75,0.00421
MHL,80,0.002067
MHL,85,0.000813
MHL,90,0.000221
MHL,95,0.000044
FSM,0,0.10124
FSM,5,0.110356
FSM,10,0.118411
FSM,15,0.112492
FSM,20,0.091463
FSM,25,0.077615
FSM,30,0.067142
FSM,35,0.058623
FSM,40,0.056694
FSM,45,0.052249
FSM,50,0.045238
FSM,55,0.04238
FSM,60,0.030949
FSM,65,0.01531
FSM,70,0.007834
FSM,75,0.006129
FSM,80,0.003883
FSM,85,0.001534
FSM,90,0.000395
FSM,95,0.000064
PNG,0,0.148894
PNG,5,0.118554
PNG,10,0.107045
PNG,15,0.104374
PNG,20,0.095202
PNG,25,0.084268
PNG,30,0.073857
PNG,35,0.063978
PNG,40,0.05445
PNG,45,0.044616
PNG,50,0.034195
PNG,55,0.024983
PNG,60,0.017983
PNG,65,0.012132
PNG,70,0.007562
PNG,75,0.004295
PNG,80,0.002165
PNG,85,0.001042
PNG,90,0.000336
PNG,95,0.000068
WSM,0,0.101374
WSM,5,0.130557
WSM,10,0.126582
WSM,15,0.108395
WSM,20,0.083855
WSM,25,0.071722
WSM,30,0.064052
WSM,35,0.05521
WSM,40,0.053844
WSM,45,0.049999
WSM,50,0.042714
WSM,55,0.035112
WSM,60,0.026394
WSM,65,0.016421
WSM,70,0.012421
WSM,75,0.010195
WSM,80,0.006553
WSM,85,0.003348
WSM,90,0.001047
WSM,95,0.000205
SLB,0,0.156119
SLB,5,0.133076
SLB,10,0.115827
SLB,15,0.101747
SLB,20,0.087291
SLB,25,0.077155
SLB,30,0.069362
SLB,35,0.06458
SLB,40,0.053844
SLB,45,0.040954
SLB,50,0.030913
SLB,55,0.023336
SLB,60,0.01745
SLB,65,0.012362
SLB,70,0.008225
SLB,75,0.004905
SLB,80,0.002118
SLB,85,0.000607
SLB,90,0.000114
SLB,95,0.000015
TON,0,0.125027
TON,5,0.123555
TON,10,0.116262
TON,15,0.102133
TON,20,0.083319
TON,25,0.069593
TON,30,0.062738
TON,35,0.056958
TON,40,0.052938
TON,45,0.048322
TON,50,0.039966
TON,55,0.031698
TON,60,0.025578
TON,65,0.020322
TON,70,0.015733
TON,75,0.011766
TON,80,0.007962
TON,85,0.004107
TON,90,0.001546
TON,95,0.00048
VUT,0,0.135693
VUT,5,0.13372
VUT,10,0.112288
VUT,15,0.099512
VUT,20,0.092237
VUT,25,0.081984
VUT,30,0.06892
VUT,35,0.058756
VUT,40,0.050344
VUT,45,0.041984
VUT,50,0.034
VUT,55,0.026837
VUT,60,0.023655
VUT,65,0.014855
VUT,70,0.012562
VUT,75,0.007611
VUT,80,0.003629
VUT,85,0.001134
VUT,90,0.00024
VUT,95,0.000037
ARM,0,0.072929
ARM,5,0.066179
ARM,10,0.056792
ARM,15,0.060996
ARM,20,0.081375
ARM,25,0.092573
ARM,30,0.083961
ARM,35,0.068952
ARM,40,0.058688
ARM,45,0.057156
ARM,50,0.069848
ARM,55,0.068972
ARM,60,0.053611
ARM,65,0.034709
ARM,70,0.019509
ARM,75,0.028831
ARM,80,0.014936
ARM,85,0.00805
ARM,90,0.001685
ARM,95,0.00025
AZE,0,0.083349
AZE,5,0.077058
AZE,10,0.068244
AZE,15,0.075313
AZE,20,0.095371
AZE,25,0.101413
AZE,30,0.086892
AZE,35,0.070622
AZE,40,0.063923
AZE,45,0.067699
AZE,50,0.069203
AZE,55,0.05487
AZE,60,0.03399
AZE,65,0.017864
AZE,70,0.011478
AZE,75,0.014081
AZE,80,0.006308
AZE,85,0.002012
AZE,90,0.000281
AZE,95,0.000031
GEO,0,0.070719
GEO,5,0.064245
GEO,10,0.05513
GEO,15,0.059002
GEO,20,0.067836
GEO,25,0.074716
GEO,30,0.071332
GEO,35,0.066993
GEO,40,0.064966
GEO,45,0.063237
GEO,50,0.070603
GEO,55,0.066836
GEO,60,0.056973
GEO,65,0.044918
GEO,70,0.028369
GEO,75,0.035067
GEO,80,0.020007
GEO,85,0.012649
GEO,90,0.004662
GEO,95,0.00174
KAZ,0,0.105372
KAZ,5,0.087178
KAZ,10,0.069339
KAZ,15,0.068965
KAZ,20,0.086183
KAZ,25,0.093929
KAZ,30,0.079523
KAZ,35,0.071274
KAZ,40,0.06633
KAZ,45,0.059768
KAZ,50,0.059687
KAZ,55,0.048387
KAZ,60,0.037773
KAZ,65,0.024022
KAZ,70,0.015262
KAZ,75,0.016316
KAZ,80,0.006022
KAZ,85,0.003674
KAZ,90,0.000863
KAZ,95,0.000133
KGZ,0,0.122425
KGZ,5,0.102199
KGZ,10,0.085813
KGZ,15,0.09123
KGZ,20,0.100921
KGZ,25,0.096142
KGZ,30,0.073959
KGZ,35,0.061851
KGZ,40,0.056952
KGZ,45,0.051651
KGZ,50,0.049024
KGZ,55,0.03749
KGZ,60,0.026175
KGZ,65,0.014882
KGZ,70,0.008787
KGZ,75,0.010137
KGZ,80,0.005755
KGZ,85,0.003538
KGZ,90,0.000903
KGZ,95,0.000165
MNG,0,0.122928
MNG,5,0.089413
MNG,10,0.072552
MNG,15,0.075053
MNG,20,0.089029
MNG,25,0.104648
MNG,30,0.088183
MNG,35,0.078891
MNG,40,0.070027
MNG,45,0.060336
MNG,50,0.052306
MNG,55,0.037798
MNG,60,0.021366
MNG,65,0.013429
MNG,70,0.010407
MNG,75,0.007582
MNG,80,0.004677
MNG,85,0.001163
MNG,90,0.000199
MNG,95,0.000011
TJK,0,0.132354
TJK,5,0.111596
TJK,10,0.100399
TJK,15,0.101249
TJK,20,0.10242
TJK,25,0.098629
TJK,30,0.074901
TJK,35,0.058602
TJK,40,0.050945
TJK,45,0.046291
TJK,50,0.042716
TJK,55,0.032016
TJK,60,0.020135
TJK,65,0.01078
TJK,70,0.006506
TJK,75,0.005905
TJK,80,0.002901
TJK,85,0.001162
TJK,90,0.000393
TJK,95,0.0001
TKM,0,0.113195
TKM,5,0.097059
TKM,10,0.085435
TKM,15,0.086089
TKM,20,0.093273
TKM,25,0.09114
TKM,30,0.07845
TKM,35,0.068908
TKM,40,0.062038
TKM,45,0.055651
TKM,50,0.053007
TKM,55,0.041478
TKM,60,0.029201
TKM,65,0.014561
TKM,70,0.011701
TKM,75,0.009387
TKM,80,0.005478
TKM,85,0.00276
TKM,90,0.000924
TKM,95,0.000266
UZB,0,0.114978
UZB,5,0.102282
UZB,10,0.091121
UZB,15,0.09347
UZB,20,0.098819
UZB,25,0.09544
UZB,30,0.080282
UZB,35,0.067579
UZB,40,0.058652
UZB,45,0.052378
UZB,50,0.050506
UZB,55,0.038676
UZB,60,0.027254
UZB,65,0.010692
UZB,70,0.009487
UZB,75,0.005797
UZB,80,0.002051
UZB,85,0.000459
UZB,90,0.000072
UZB,95,0.000005
ALB,0,0.060023
ALB,5,0.055789
ALB,10,0.069556
ALB,15,0.084692
ALB,20,0.086492
ALB,25,0.074587
ALB,30,0.062663
ALB,35,0.056141
ALB,40,0.061385
ALB,45,0.066764
ALB,50,0.070655
ALB,55,0.068226
ALB,60,0.054773
ALB,65,0.042093
ALB,70,0.033629
ALB,75,0.027401
ALB,80,0.01525
ALB,85,0.006938
ALB,90,0.002272
ALB,95,0.00067
BIH,0,0.047413
BIH,5,0.05039
BIH,10,0.05271
BIH,15,0.066256
BIH,20,0.062651
BIH,25,0.068595
BIH,30,0.06997
BIH,35,0.071167
BIH,40,0.070742
BIH,45,0.070927
BIH,50,0.077185
BIH,55,0.074633
BIH,60,0.068025
BIH,65,0.050987
BIH,70,0.035218
BIH,75,0.034317
BIH,80,0.019368
BIH,85,0.007198
BIH,90,0.001888
BIH,95,0.00036
BGR,0,0.046313
BGR,5,0.048652
BGR,10,0.044375
BGR,15,0.0436
BGR,20,0.052455
BGR,25,0.067198
BGR,30,0.067647
BGR,35,0.073889
BGR,40,0.075086
BGR,45,0.070391
BGR,50,0.067545
BGR,55,0.069433
BGR,60,0.069162
BGR,65,0.068949
BGR,70,0.050458
BGR,75,0.03867
BGR,80,0.02875
BGR,85,0.013519
BGR,90,0.003561
BGR,95,0.000345
HRV,0,0.047233
HRV,5,0.050432
HRV,10,0.048878
HRV,15,0.057194
HRV,20,0.057855
HRV,25,0.063087
HRV,30,0.069214
HRV,35,0.068964
HRV,40,0.066221
HRV,45,0.069955
HRV,50,0.072085
HRV,55,0.072876
HRV,60,0.068907
HRV,65,0.055009
HRV,70,0.044986
HRV,75,0.041128
HRV,80,0.028638
HRV,85,0.013158
HRV,90,0.003608
HRV,95,0.00057
CZE,0,0.052299
CZE,5,0.055502
CZE,10,0.04563
CZE,15,0.043247
CZE,20,0.055944
CZE,25,0.065507
CZE,30,0.069694
CZE,35,0.083994
CZE,40,0.083501
CZE,45,0.065938
CZE,50,0.064786
CZE,55,0.06182
CZE,60,0.068217
CZE,65,0.065226
CZE,70,0.047066
CZE,75,0.030522
CZE,80,0.021965
CZE,85,0.012906
CZE,90,0.00526
CZE,95,0.000976
HUN,0,0.046287
HUN,5,0.049484
HUN,10,0.049093
HUN,15,0.051778
HUN,20,0.060989
HUN,25,0.060602
HUN,30,0.064386
HUN,35,0.083339
HUN,40,0.079272
HUN,45,0.070018
HUN,50,0.059577
HUN,55,0.069122
HUN,60,0.073289
HUN,65,0.0573
HUN,70,0.047261
HUN,75,0.034258
HUN,80,0.024546
HUN,85,0.013541
HUN,90,0.00502
HUN,95,0.000835
MKD,0,0.054487
MKD,5,0.053342
MKD,10,0.056119
MKD,15,0.063375
MKD,20,0.07496
MKD,25,0.079706
MKD,30,0.080465
MKD,35,0.074842
MKD,40,0.072283
MKD,45,0.070975
MKD,50,0.069815
MKD,55,0.066793
MKD,60,0.05904
MKD,65,0.046489
MKD,70,0.032908
MKD,75,0.024587
MKD,80,0.014553
MKD,85,0.004637
MKD,90,0.000591
MKD,95,0.000031
MNE,0,0.058448
MNE,5,0.060133
MNE,10,0.064635
MNE,15,0.06827
MNE,20,0.067523
MNE,25,0.06928
MNE,30,0.073354
MNE,35,0.070766
MNE,40,0.067259
MNE,45,0.066122
MNE,50,0.069267
MNE,55,0.067919
MNE,60,0.061245
MNE,65,0.045736
MNE,70,0.032357
MNE,75,0.030996
MNE,80,0.017219
MNE,85,0.007199
MNE,90,0.001842
MNE,95,0.000429
POL,0,0.050753
POL,5,0.052735
POL,10,0.04687
POL,15,0.052279
POL,20,0.063998
POL,25,0.074821
POL,30,0.084565
POL,35,0.080026
POL,40,0.069816
POL,45,0.06048
POL,50,0.063746
POL,55,0.074684
POL,60,0.070137
POL,65,0.053788
POL,70,0.031518
POL,75,0.029637
POL,80,0.022383
POL,85,0.012504
POL,90,0.004305
POL,95,0.000954
ROU,0,0.049044
ROU,5,0.055474
ROU,10,0.054014
ROU,15,0.053719
ROU,20,0.052813
ROU,25,0.067374
ROU,30,0.064885
ROU,35,0.077624
ROU,40,0.077606
ROU,45,0.080234
ROU,50,0.055009
ROU,55,0.068938
ROU,60,0.069303
ROU,65,0.054185
ROU,70,0.039199
ROU,75,0.038215
ROU,80,0.025515
ROU,85,0.012526
ROU,90,0.003801
ROU,95,0.000523
SRB,0,0.054277
SRB,5,0.057179
SRB,10,0.060518
SRB,15,0.059885
SRB,20,0.064961
SRB,25,0.067398
SRB,30,0.069418
SRB,35,0.070148
SRB,40,0.066103
SRB,45,0.063552
SRB,50,0.0619
SRB,55,0.066205
SRB,60,0.074741
SRB,65,0.052029
SRB,70,0.042331
SRB,75,0.038434
SRB,80,0.021559
SRB,85,0.007436
SRB,90,0.001689
SRB,95,0.000236
SVK,0,0.051992
SVK,5,0.052524
SVK,10,0.048467
SVK,15,0.053453
SVK,20,0.065904
SVK,25,0.075238
SVK,30,0.08098
SVK,35,0.084737
SVK,40,0.07589
SVK,45,0.065101
SVK,50,0.067977
SVK,55,0.069481
SVK,60,0.066391
SVK,65,0.049575
SVK,70,0.035213
SVK,75,0.02558
SVK,80,0.017826
SVK,85,0.009354
SVK,90,0.003522
SVK,95,0.000798
SVN,0,0.052408
SVN,5,0.050074
SVN,10,0.044134
SVN,15,0.046053
SVN,20,0.052128
SVN,25,0.064265
SVN,30,0.07228
SVN,35,0.076057
SVN,40,0.071568
SVN,45,0.074137
SVN,50,0.074225
SVN,55,0.072856
SVN,60,0.069118
SVN,65,0.050669
SVN,70,0.043733
SVN,75,0.036158
SVN,80,0.027241
SVN,85,0.015418
SVN,90,0.00618
SVN,95,0.001298
BLR,0,0.061197
BLR,5,0.055111
BLR,10,0.046772
BLR,15,0.048168
BLR,20,0.061824
BLR,25,0.080639
BLR,30,0.079785
BLR,35,0.072304
BLR,40,0.068885
BLR,45,0.067106
BLR,50,0.076963
BLR,55,0.077825
BLR,60,0.062244
BLR,65,0.043953
BLR,70,0.028383
BLR,75,0.032715
BLR,80,0.019942
BLR,85,0.011858
BLR,90,0.003628
BLR,95,0.000695
EST,0,0.05464
EST,5,0.057186
EST,10,0.047759
EST,15,0.045669
EST,20,0.060189
EST,25,0.07496
EST,30,0.070748
EST,35,0.068418
EST,40,0.06973
EST,45,0.064434
EST,50,0.068609
EST,55,0.067728
EST,60,0.062422
EST,65,0.052965
EST,70,0.043342
EST,75,0.041472
EST,80,0.027621
EST,85,0.016169
EST,90,0.005077
EST,95,0.000862
LVA,0,0.052147
LVA,5,0.052326
LVA,10,0.046317
LVA,15,0.044195
LVA,20,0.062353
LVA,25,0.072797
LVA,30,0.068324
LVA,35,0.064952
LVA,40,0.069145
LVA,45,0.067394
LVA,50,0.073604
LVA,55,0.071232
LVA,60,0.060939
LVA,65,0.052041
LVA,70,0.049266
LVA,75,0.043705
LVA,80,0.027537
LVA,85,0.015877
LVA,90,0.004869
LVA,95,0.000982
LTU,0,0.051655
LTU,5,0.047656
LTU,10,0.046652
LTU,15,0.058288
LTU,20,0.070311
LTU,25,0.066965
LTU,30,0.060768
LTU,35,0.061273
LTU,40,0.06887
LTU,45,0.071606
LTU,50,0.078466
LTU,55,0.071945
LTU,60,0.058305
LTU,65,0.049367
LTU,70,0.045504
LTU,75,0.041439
LTU,80,0.029207
LTU,85,0.016179
LTU,90,0.004802
LTU,95,0.000742
MDA,0,0.052522
MDA,5,0.055584
MDA,10,0.053495
MDA,15,0.055586
MDA,20,0.068469
MDA,25,0.086883
MDA,30,0.085881
MDA,35,0.077388
MDA,40,0.069893
MDA,45,0.063229
MDA,50,0.072722
MDA,55,0.072004
MDA,60,0.062159
MDA,65,0.037825
MDA,70,0.030408
MDA,75,0.027265
MDA,80,0.015368
MDA,85,0.008868
MDA,90,0.003523
MDA,95,0.000927
RUS,0,0.065572
RUS,5,0.058433
RUS,10,0.050784
RUS,15,0.047544
RUS,20,0.058288
RUS,25,0.083982
RUS,30,0.08372
RUS,35,0.075137
RUS,40,0.069883
RUS,45,0.06219
RUS,50,0.071426
RUS,55,0.075923
RUS,60,0.063283
RUS,65,0.046579
RUS,70,0.023967
RUS,75,0.032699
RUS,80,0.016648
RUS,85,0.010522
RUS,90,0.00293
RUS,95,0.000491
UKR,0,0.053475
UKR,5,0.052539
UKR,10,0.046095
UKR,15,0.047708
UKR,20,0.061436
UKR,25,0.079675
UKR,30,0.082536
UKR,35,0.074764
UKR,40,0.070908
UKR,45,0.065829
UKR,50,0.07361
UKR,55,0.073965
UKR,60,0.063596
UKR,65,0.047831
UKR,70,0.032892
UKR,75,0.03955
UKR,80,0.018546
UKR,85,0.011479
UKR,90,0.00314
UKR,95,0.000428
BRN,0,0.075985
BRN,5,0.07522
BRN,10,0.08386
BRN,15,0.087763
BRN,20,0.091787
BRN,25,0.102121
BRN,30,0.097735
BRN,35,0.088274
BRN,40,0.078119
BRN,45,0.064547
BRN,50,0.052495
BRN,55,0.040334
BRN,60,0.027045
BRN,65,0.015487
BRN,70,0.009388
BRN,75,0.005828
BRN,80,0.002827
BRN,85,0.00097
BRN,90,0.000191
BRN,95,0.000024
JPN,0,0.040195
JPN,5,0.042584
JPN,10,0.044895
JPN,15,0.048086
JPN,20,0.047814
JPN,25,0.051224
JPN,30,0.058291
JPN,35,0.066504
JPN,40,0.077745
JPN,45,0.069013
JPN,50,0.062826
JPN,55,0.05928
JPN,60,0.066529
JPN,65,0.075956
JPN,70,0.060675
JPN,75,0.049444
JPN,80,0.038911
JPN,85,0.024629
JPN,90,0.011362
JPN,95,0.004039
KOR,0,0.044562
KOR,5,0.044828
KOR,10,0.047913
KOR,15,0.062983
KOR,20,0.069625
KOR,25,0.064256
KOR,30,0.074974
KOR,35,0.077247
KOR,40,0.085231
KOR,45,0.085971
KOR,50,0.083037
KOR,55,0.076703
KOR,60,0.054598
KOR,65,0.041572
KOR,70,0.034188
KOR,75,0.026413
KOR,80,0.015818
KOR,85,0.007166
KOR,90,0.002383
KOR,95,0.000533
SGP,0,0.052229
SGP,5,0.039889
SGP,10,0.043978
SGP,15,0.047552
SGP,20,0.077307
SGP,25,0.089951
SGP,30,0.107242
SGP,35,0.104093
SGP,40,0.081167
SGP,45,0.076254
SGP,50,0.071427
SGP,55,0.063075
SGP,60,0.050931
SGP,65,0.038204
SGP,70,0.021492
SGP,75,0.016368
SGP,80,0.010373
SGP,85,0.005595
SGP,90,0.002079
SGP,95,0.000794
AUS,0,0.064425
AUS,5,0.065109
AUS,10,0.060273
AUS,15,0.06218
AUS,20,0.067748
AUS,25,0.071149
AUS,30,0.072436
AUS,35,0.066344
AUS,40,0.070241
AUS,45,0.0665
AUS,50,0.066167
AUS,55,0.060987
AUS,60,0.054536
AUS,65,0.049322
AUS,70,0.036168
AUS,75,0.027023
AUS,80,0.019278
AUS,85,0.012882
AUS,90,0.005725
AUS,95,0.001508
NZL,0,0.067048
NZL,5,0.068976
NZL,10,0.06634
NZL,15,0.068401
NZL,20,0.06808
NZL,25,0.061788
NZL,30,0.060753
NZL,35,0.060305
NZL,40,0.069028
NZL,45,0.069718
NZL,50,0.070773
NZL,55,0.063117
NZL,60,0.05504
NZL,65,0.049826
NZL,70,0.036568
NZL,75,0.026511
NZL,80,0.018799
NZL,85,0.011938
NZL,90,0.005369
NZL,95,0.001623
AND,0,0.041846
AND,5,0.052986
AND,10,0.052009
AND,15,0.053121
AND,20,0.048532
AND,25,0.055295
AND,30,0.075423
AND,35,0.090682
AND,40,0.097552
AND,45,0.090892
AND,50,0.084942
AND,55,0.068298
AND,60,0.051608
AND,65,0.042143
AND,70,0.031679
AND,75,0.022312
AND,80,0.018696
AND,85,0.013759
AND,90,0.006317
AND,95,0.001907
AUT,0,0.047569
AUT,5,0.047086
AUT,10,0.048282
AUT,15,0.053117
AUT,20,0.063712
AUT,25,0.066986
AUT,30,0.06851
AUT,35,0.063652
AUT,40,0.069286
AUT,45,0.080648
AUT,50,0.081021
AUT,55,0.06903
AUT,60,0.055492
AUT,65,0.050561
AUT,70,0.046032
AUT,75,0.038442
AUT,80,0.024547
AUT,85,0.016444
AUT,90,0.007787
AUT,95,0.001795
BEL,0,0.057027
BEL,5,0.057895
BEL,10,0.054674
BEL,15,0.055898
BEL,20,0.061798
BEL,25,0.063501
BEL,30,0.065074
BEL,35,0.064591
BEL,40,0.068026
BEL,45,0.070901
BEL,50,0.072633
BEL,55,0.067034
BEL,60,0.059034
BEL,65,0.053003
BEL,70,0.038041
BEL,75,0.035419
BEL,80,0.028709
BEL,85,0.01731
BEL,90,0.0077
BEL,95,0.001732
CYP,0,0.056242
CYP,5,0.054454
CYP,10,0.050813
CYP,15,0.057379
CYP,20,0.077051
CYP,25,0.092166
CYP,30,0.093678
CYP,35,0.083022
CYP,40,0.071646
CYP,45,0.065817
CYP,50,0.061445
CYP,55,0.057534
CYP,60,0.049768
CYP,65,0.044819
CYP,70,0.034609
CYP,75,0.025562
CYP,80,0.016016
CYP,85,0.006257
CYP,90,0.001518
CYP,95,0.000203
DNK,0,0.052759
DNK,5,0.058532
DNK,10,0.058817
DNK,15,0.062367
DNK,20,0.066745
DNK,25,0.061269
DNK,30,0.056507
DNK,35,0.063331
DNK,40,0.068731
DNK,45,0.07295
DNK,50,0.069656
DNK,55,0.062726
DNK,60,0.059377
DNK,65,0.062019
DNK,70,0.048194
DNK,75,0.032873
DNK,80,0.021514
DNK,85,0.013214
DNK,90,0.006365
DNK,95,0.002052
FIN,0,0.053487
FIN,5,0.055922
FIN,10,0.053517
FIN,15,0.05488
FIN,20,0.061792
FIN,25,0.062317
FIN,30,0.064965
FIN,35,0.062896
FIN,40,0.057798
FIN,45,0.063748
FIN,50,0.068115
FIN,55,0.066995
FIN,60,0.067612
FIN,65,0.069375
FIN,70,0.047527
FIN,75,0.035924
FIN,80,0.026222
FIN,85,0.01724
FIN,90,0.007513
FIN,95,0.002156
FRA,0,0.059367
FRA,5,0.0624
FRA,10,0.062096
FRA,15,0.060981
FRA,20,0.058288
FRA,25,0.059626
FRA,30,0.062281
FRA,35,0.062322
FRA,40,0.067791
FRA,45,0.067916
FRA,50,0.066765
FRA,55,0.063433
FRA,60,0.061392
FRA,65,0.055457
FRA,70,0.037915
FRA,75,0.033349
FRA,80,0.02863
FRA,85,0.019106
FRA,90,0.009024
FRA,95,0.001862
DEU,0,0.043925
DEU,5,0.043915
DEU,10,0.045427
DEU,15,0.051271
DEU,20,0.055799
DEU,25,0.06564
DEU,30,0.063085
DEU,35,0.060566
DEU,40,0.061012
DEU,45,0.079664
DEU,50,0.084612
DEU,55,0.073118
DEU,60,0.062848
DEU,65,0.052398
DEU,70,0.048058
DEU,75,0.051637
DEU,80,0.030539
DEU,85,0.017633
DEU,90,0.006955
DEU,95,0.001899
GRC,0,0.044882
GRC,5,0.050227
GRC,10,0.048812
GRC,15,0.048648
GRC,20,0.051082
GRC,25,0.056488
GRC,30,0.069169
GRC,35,0.075526
GRC,40,0.075734
GRC,45,0.075823
GRC,50,0.068785
GRC,55,0.065788
GRC,60,0.059293
GRC,65,0.054043
GRC,70,0.044651
GRC,75,0.044984
GRC,80,0.037033
GRC,85,0.020695
GRC,90,0.006838
GRC,95,0.001498
ISL,0,0.068562
ISL,5,0.069606
ISL,10,0.064618
ISL,15,0.067103
ISL,20,0.076039
ISL,25,0.070614
ISL,30,0.070946
ISL,35,0.066097
ISL,40,0.064354
ISL,45,0.063629
ISL,50,0.065567
ISL,55,0.062519
ISL,60,0.05334
ISL,65,0.043886
ISL,70,0.03142
ISL,75,0.023099
ISL,80,0.018976
ISL,85,0.012133
ISL,90,0.005573
ISL,95,0.00192
IRL,0,0.072625
IRL,5,0.074319
IRL,10,0.067246
IRL,15,0.063335
IRL,20,0.058892
IRL,25,0.064949
IRL,30,0.079885
IRL,35,0.081125
IRL,40,0.075264
IRL,45,0.06732
IRL,50,0.062246
IRL,55,0.055039
IRL,60,0.048838
IRL,65,0.043153
IRL,70,0.031848
IRL,75,0.023574
IRL,80,0.016321
IRL,85,0.009071
IRL,90,0.003853
IRL,95,0.001095
ISR,0,0.101216
ISR,5,0.092607
ISR,10,0.084217
ISR,15,0.078155
ISR,20,0.071966
ISR,25,0.069866
ISR,30,0.070178
ISR,35,0.068438
ISR,40,0.063746
ISR,45,0.052917
ISR,50,0.047338
ISR,55,0.04508
ISR,60,0.043865
ISR,65,0.038998
ISR,70,0.023394
ISR,75,0.019861
ISR,80,0.014094
ISR,85,0.008961
ISR,90,0.004068
ISR,95,0.001035
ITA,0,0.043534
ITA,5,0.047161
ITA,10,0.047122
ITA,15,0.047149
ITA,20,0.050726
ITA,25,0.053978
ITA,30,0.059391
ITA,35,0.069985
ITA,40,0.079497
ITA,45,0.08179
ITA,50,0.076406
ITA,55,0.066127
ITA,60,0.059737
ITA,65,0.058597
ITA,70,0.048734
ITA,75,0.04471
ITA,80,0.033654
ITA,85,0.020785
ITA,90,0.009089
ITA,95,0.00183
LUX,0,0.05615
LUX,5,0.054889
LUX,10,0.055372
LUX,15,0.05792
LUX,20,0.061583
LUX,25,0.071399
LUX,30,0.077007
LUX,35,0.076874
LUX,40,0.077041
LUX,45,0.080421
LUX,50,0.074916
LUX,55,0.062774
LUX,60,0.051296
LUX,65,0.041873
LUX,70,0.032618
LUX,75,0.027453
LUX,80,0.02127
LUX,85,0.012806
LUX,90,0.005016
LUX,95,0.001322
MLT,0,0.048976
MLT,5,0.046878
MLT,10,0.046568
MLT,15,0.054961
MLT,20,0.064854
MLT,25,0.071392
MLT,30,0.072883
MLT,35,0.071901
MLT,40,0.066365
MLT,45,0.058805
MLT,50,0.065723
MLT,55,0.071748
MLT,60,0.066556
MLT,65,0.069589
MLT,70,0.046169
MLT,75,0.033764
MLT,80,0.023135
MLT,85,0.0124
MLT,90,0.005538
MLT,95,0.001795
NLD,0,0.052238
NLD,5,0.055114
NLD,10,0.059643
NLD,15,0.059354
NLD,20,0.063258
NLD,25,0.062245
NLD,30,0.059965
NLD,35,0.059285
NLD,40,0.069596
NLD,45,0.076038
NLD,50,0.075068
NLD,55,0.06804
NLD,60,0.06181
NLD,65,0.059948
NLD,70,0.042294
NLD,75,0.032044
NLD,80,0.023063
NLD,85,0.013515
NLD,90,0.005955
NLD,95,0.001528
NOR,0,0.059492
NOR,5,0.061207
NOR,10,0.059582
NOR,15,0.063246
NOR,20,0.066482
NOR,25,0.06814
NOR,30,0.066831
NOR,35,0.066069
NOR,40,0.072258
NOR,45,0.072208
NOR,50,0.06512
NOR,55,0.061075
NOR,60,0.055624
NOR,65,0.053743
NOR,70,0.038105
NOR,75,0.026954
NOR,80,0.020418
NOR,85,0.013965
NOR,90,0.007273
NOR,95,0.002209
PRT,0,0.040785
PRT,5,0.047452
PRT,10,0.052249
PRT,15,0.054103
PRT,20,0.053891
PRT,25,0.055064
PRT,30,0.064889
PRT,35,0.076621
PRT,40,0.077193
PRT,45,0.07303
PRT,50,0.071853
PRT,55,0.066561
PRT,60,0.062061
PRT,65,0.057353
PRT,70,0.047008
PRT,75,0.041942
PRT,80,0.03133
PRT,85,0.017863
PRT,90,0.007066
PRT,95,0.001687
ESP,0,0.048048
ESP,5,0.053178
ESP,10,0.049437
ESP,15,0.046219
ESP,20,0.050496
ESP,25,0.057899
ESP,30,0.071467
ESP,35,0.085605
ESP,40,0.083847
ESP,45,0.079311
ESP,50,0.073149
ESP,55,0.063867
ESP,60,0.05374
ESP,65,0.050495
ESP,70,0.04169
ESP,75,0.033217
ESP,80,0.03049
ESP,85,0.018281
ESP,90,0.007604
ESP,95,0.001958
SWE,0,0.05914
SWE,5,0.059536
SWE,10,0.054912
SWE,15,0.052817
SWE,20,0.066579
SWE,25,0.069357
SWE,30,0.06286
SWE,35,0.061661
SWE,40,0.06608
SWE,45,0.067091
SWE,50,0.06533
SWE,55,0.058778
SWE,60,0.056633
SWE,65,0.059665
SWE,70,0.051825
SWE,75,0.035054
SWE,80,0.024632
SWE,85,0.016533
SWE,90,0.008513
SWE,95,0.003001
CHE,0,0.050582
CHE,5,0.049235
CHE,10,0.04773
CHE,15,0.05284
CHE,20,0.060638
CHE,25,0.068445
CHE,30,0.071337
CHE,35,0.069691
CHE,40,0.070716
CHE,45,0.078224
CHE,50,0.078513
CHE,55,0.066722
CHE,60,0.055775
CHE,65,0.051494
CHE,70,0.044057
CHE,75,0.03246
CHE,80,0.025101
CHE,85,0.015993
CHE,90,0.007783
CHE,95,0.002665
GBR,0,0.059841
GBR,5,0.060217
GBR,10,0.0553
GBR,15,0.059462
GBR,20,0.065296
GBR,25,0.07059
GBR,30,0.069373
GBR,35,0.063692
GBR,40,0.067245
GBR,45,0.07178
GBR,50,0.069667
GBR,55,0.059812
GBR,60,0.052993
GBR,65,0.054758
GBR,70,0.041161
GBR,75,0.032757
GBR,80,0.023624
GBR,85,0.014524
GBR,90,0.006001
GBR,95,0.001908
ARG,0,0.083498
ARG,5,0.079956
ARG,10,0.081112
ARG,15,0.08326
ARG,20,0.081631
ARG,25,0.078978
ARG,30,0.074808
ARG,35,0.072321
ARG,40,0.063878
ARG,45,0.055147
ARG,50,0.050463
ARG,55,0.046423
ARG,60,0.041168
ARG,65,0.034743
ARG,70,0.027001
ARG,75,0.019811
ARG,80,0.013584
ARG,85,0.007837
ARG,90,0.003267
ARG,95,0.001115
CHL,0,0.068931
CHL,5,0.069147
CHL,10,0.067403
CHL,15,0.07451
CHL,20,0.081724
CHL,25,0.081531
CHL,30,0.073506
CHL,35,0.067404
CHL,40,0.071991
CHL,45,0.067847
CHL,50,0.067665
CHL,55,0.056835
CHL,60,0.044789
CHL,65,0.035048
CHL,70,0.028094
CHL,75,0.019425
CHL,80,0.013397
CHL,85,0.007335
CHL,90,0.002641
CHL,95,0.000777
URY,0,0.068584
URY,5,0.068776
URY,10,0.073582
URY,15,0.077573
URY,20,0.074228
URY,25,0.068892
URY,30,0.068332
URY,35,0.070187
URY,40,0.063747
URY,45,0.058804
URY,50,0.059838
URY,55,0.054797
URY,60,0.047989
URY,65,0.041203
URY,70,0.034405
URY,75,0.028131
URY,80,0.021425
URY,85,0.012591
URY,90,0.005216
URY,95,0.001703
CAN,0,0.055207
CAN,5,0.057476
CAN,10,0.054947
CAN,15,0.059511
CAN,20,0.065186
CAN,25,0.064947
CAN,30,0.066512
CAN,35,0.064991
CAN,40,0.065385
CAN,45,0.068412
CAN,50,0.077971
CAN,55,0.073207
CAN,60,0.063286
CAN,65,0.053938
CAN,70,0.038794
CAN,75,0.02809
CAN,80,0.021022
CAN,85,0.013269
CAN,90,0.006095
CAN,95,0.001755
USA,0,0.060599
USA,5,0.064723
USA,10,0.065772
USA,15,0.067
USA,20,0.069742
USA,25,0.06916
USA,30,0.067241
USA,35,0.063491
USA,40,0.063144
USA,45,0.065244
USA,50,0.070207
USA,55,0.067826
USA,60,0.058977
USA,65,0.049397
USA,70,0.035184
USA,75,0.02478
USA,80,0.017693
USA,85,0.011817
USA,90,0.005847
USA,95,0.002158
ATG,0,0.062884
ATG,5,0.069067
ATG,10,0.078484
ATG,15,0.083788
ATG,20,0.079869
ATG,25,0.078612
ATG,30,0.077501
ATG,35,0.077341
ATG,40,0.076622
ATG,45,0.075437
ATG,50,0.066769
ATG,55,0.05133
ATG,60,0.03943
ATG,65,0.030386
ATG,70,0.02128
ATG,75,0.014286
ATG,80,0.009453
ATG,85,0.004904
ATG,90,0.001963
ATG,95,0.000595
BHS,0,0.063999
BHS,5,0.082507
BHS,10,0.088469
BHS,15,0.083295
BHS,20,0.084776
BHS,25,0.076915
BHS,30,0.076887
BHS,35,0.076199
BHS,40,0.077122
BHS,45,0.070568
BHS,50,0.063341
BHS,55,0.050034
BHS,60,0.035618
BHS,65,0.025234
BHS,70,0.01884
BHS,75,0.012838
BHS,80,0.00741
BHS,85,0.003699
BHS,90,0.001594
BHS,95,0.000654
BRB,0,0.05333
BRB,5,0.061294
BRB,10,0.067348
BRB,15,0.065696
BRB,20,0.066763
BRB,25,0.065772
BRB,30,0.068384
BRB,35,0.068107
BRB,40,0.071288
BRB,45,0.073169
BRB,50,0.074301
BRB,55,0.069118
BRB,60,0.057842
BRB,65,0.045297
BRB,70,0.033991
BRB,75,0.025492
BRB,80,0.017827
BRB,85,0.010693
BRB,90,0.003442
BRB,95,0.000843
BLZ,0,0.098053
BLZ,5,0.110039
BLZ,10,0.117253
BLZ,15,0.107695
BLZ,20,0.096697
BLZ,25,0.084375
BLZ,30,0.074313
BLZ,35,0.065387
BLZ,40,0.057799
BLZ,45,0.048353
BLZ,50,0.040774
BLZ,55,0.031428
BLZ,60,0.022787
BLZ,65,0.016043
BLZ,70,0.01099
BLZ,75,0.008092
BLZ,80,0.005384
BLZ,85,0.002999
BLZ,90,0.001173
BLZ,95,0.000365
CUB,0,0.055084
CUB,5,0.053275
CUB,10,0.05826
CUB,15,0.062995
CUB,20,0.065771
CUB,25,0.072709
CUB,30,0.062293
CUB,35,0.059159
CUB,40,0.083262
CUB,45,0.089805
CUB,50,0.08626
CUB,55,0.058445
CUB,60,0.050133
CUB,65,0.045731
CUB,70,0.036597
CUB,75,0.026026
CUB,80,0.017156
CUB,85,0.010248
CUB,90,0.004937
CUB,95,0.001853
DMA,0,0.065696
DMA,5,0.077837
DMA,10,0.087974
DMA,15,0.08527
DMA,20,0.077241
DMA,25,0.074332
DMA,30,0.069725
DMA,35,0.059578
DMA,40,0.062167
DMA,45,0.069343
DMA,50,0.06285
DMA,55,0.052951
DMA,60,0.044452
DMA,65,0.031898
DMA,70,0.026743
DMA,75,0.023618
DMA,80,0.015812
DMA,85,0.008359
DMA,90,0.003171
DMA,95,0.000983
DOM,0,0.102577
DOM,5,0.092058
DOM,10,0.092844
DOM,15,0.096037
DOM,20,0.093065
DOM,25,0.085147
DOM,30,0.075675
DOM,35,0.068562
DOM,40,0.061163
DOM,45,0.053857
DOM,50,0.045994
DOM,55,0.036917
DOM,60,0.029554
DOM,65,0.023113
DOM,70,0.01683
DOM,75,0.012031
DOM,80,0.00822
DOM,85,0.0043
DOM,90,0.001498
DOM,95,0.000556
GRD,0,0.072032
GRD,5,0.076308
GRD,10,0.082146
GRD,15,0.089421
GRD,20,0.095447
GRD,25,0.089383
GRD,30,0.067815
GRD,35,0.059159
GRD,40,0.064366
GRD,45,0.067875
GRD,50,0.06436
GRD,55,0.053502
GRD,60,0.039274
GRD,65,0.029164
GRD,70,0.024164
GRD,75,0.013255
GRD,80,0.006287
GRD,85,0.00382
GRD,90,0.001628
GRD,95,0.000592
GUY,0,0.091422
GUY,5,0.092276
GUY,10,0.099622
GUY,15,0.109344
GUY,20,0.09538
GUY,25,0.072366
GUY,30,0.066521
GUY,35,0.068456
GUY,40,0.063891
GUY,45,0.058038
GUY,50,0.052257
GUY,55,0.04237
GUY,60,0.032469
GUY,65,0.021539
GUY,70,0.01436
GUY,75,0.00978
GUY,80,0.005547
GUY,85,0.002942
GUY,90,0.00124
GUY,95,0.000178
HTI,0,0.129702
HTI,5,0.116989
HTI,10,0.108564
HTI,15,0.099069
HTI,20,0.095395
HTI,25,0.091071
HTI,30,0.079576
HTI,35,0.065173
HTI,40,0.051341
HTI,45,0.041077
HTI,50,0.034063
HTI,55,0.027738
HTI,60,0.02233
HTI,65,0.014755
HTI,70,0.010537
HTI,75,0.006843
HTI,80,0.003748
HTI,85,0.001512
HTI,90,0.000431
HTI,95,0.000087
JAM,0,0.070823
JAM,5,0.07868
JAM,10,0.087641
JAM,15,0.09747
JAM,20,0.097449
JAM,25,0.087335
JAM,30,0.074864
JAM,35,0.065188
JAM,40,0.063398
JAM,45,0.058998
JAM,50,0.053145
JAM,55,0.043872
JAM,60,0.034783
JAM,65,0.027183
JAM,70,0.019685
JAM,75,0.015198
JAM,80,0.011343
JAM,85,0.007151
JAM,90,0.003692
JAM,95,0.002102
LCA,0,0.059076
LCA,5,0.067859
LCA,10,0.078016
LCA,15,0.086104
LCA,20,0.085424
LCA,25,0.076637
LCA,30,0.075845
LCA,35,0.074217
LCA,40,0.075057
LCA,45,0.07375
LCA,50,0.064919
LCA,55,0.050816
LCA,60,0.037668
LCA,65,0.031147
LCA,70,0.023961
LCA,75,0.017929
LCA,80,0.011695
LCA,85,0.006846
LCA,90,0.002549
LCA,95,0.000486
VCT,0,0.074025
VCT,5,0.079296
VCT,10,0.085377
VCT,15,0.086913
VCT,20,0.080065
VCT,25,0.073029
VCT,30,0.070975
VCT,35,0.069679
VCT,40,0.069045
VCT,45,0.065511
VCT,50,0.060865
VCT,55,0.053928
VCT,60,0.040852
VCT,65,0.02917
VCT,70,0.022544
VCT,75,0.018868
VCT,80,0.012307
VCT,85,0.005474
VCT,90,0.001677
VCT,95,0.0004
SUR,0,0.085309
SUR,5,0.08966
SUR,10,0.088737
SUR,15,0.085996
SUR,20,0.077371
SUR,25,0.078052
SUR,30,0.07483
SUR,35,0.067284
SUR,40,0.065515
SUR,45,0.067744
SUR,50,0.06193
SUR,55,0.047793
SUR,60,0.03429
SUR,65,0.025581
SUR,70,0.019716
SUR,75,0.014526
SUR,80,0.008966
SUR,85,0.00428
SUR,90,0.001651
SUR,95,0.000769
TTO,0,0.066144
TTO,5,0.069857
TTO,10,0.066556
TTO,15,0.065631
TTO,20,0.072217
TTO,25,0.084853
TTO,30,0.088056
TTO,35,0.074578
TTO,40,0.065981
TTO,45,0.063296
TTO,50,0.069337
TTO,55,0.060037
TTO,60,0.049657
TTO,65,0.039385
TTO,70,0.026671
TTO,75,0.017503
TTO,80,0.010758
TTO,85,0.005669
TTO,90,0.002648
TTO,95,0.001165
BOL,0,0.129429
BOL,5,0.102817
BOL,10,0.096057
BOL,15,0.098153
BOL,20,0.094686
BOL,25,0.083784
BOL,30,0.072507
BOL,35,0.064656
BOL,40,0.054731
BOL,45,0.046034
BOL,50,0.039231
BOL,55,0.033371
BOL,60,0.027809
BOL,65,0.020986
BOL,70,0.015443
BOL,75,0.010341
BOL,80,0.006195
BOL,85,0.002766
BOL,90,0.000819
BOL,95,0.000184
ECU,0,0.10154
ECU,5,0.098421
ECU,10,0.099694
ECU,15,0.09809
ECU,20,0.088491
ECU,25,0.080575
ECU,30,0.074442
ECU,35,0.066829
ECU,40,0.058497
ECU,45,0.051179
ECU,50,0.04575
ECU,55,0.037424
ECU,60,0.030515
ECU,65,0.02386
ECU,70,0.018173
ECU,75,0.012599
ECU,80,0.007921
ECU,85,0.004345
ECU,90,0.001469
ECU,95,0.000185
PER,0,0.097117
PER,5,0.091958
PER,10,0.09068
PER,15,0.089718
PER,20,0.088153
PER,25,0.082498
PER,30,0.077335
PER,35,0.071769
PER,40,0.063501
PER,45,0.05612
PER,50,0.047659
PER,55,0.038708
PER,60,0.0311
PER,65,0.024153
PER,70,0.018302
PER,75,0.013162
PER,80,0.009706
PER,85,0.005302
PER,90,0.002244
PER,95,0.000814
COL,0,0.083073
COL,5,0.080554
COL,10,0.086984
COL,15,0.090301
COL,20,0.08631
COL,25,0.078026
COL,30,0.075005
COL,35,0.068334
COL,40,0.061726
COL,45,0.061523
COL,50,0.057566
COL,55,0.047694
COL,60,0.036906
COL,65,0.028288
COL,70,0.020727
COL,75,0.015993
COL,80,0.011007
COL,85,0.006299
COL,90,0.002686
COL,95,0.000997
CRI,0,0.077223
CRI,5,0.077921
CRI,10,0.079158
CRI,15,0.086859
CRI,20,0.089884
CRI,25,0.089248
CRI,30,0.081032
CRI,35,0.07128
CRI,40,0.062096
CRI,45,0.060687
CRI,50,0.057587
CRI,55,0.048517
CRI,60,0.036813
CRI,65,0.028088
CRI,70,0.01955
CRI,75,0.014492
CRI,80,0.009804
CRI,85,0.005826
CRI,90,0.002677
CRI,95,0.001258
SLV,0,0.094993
SLV,5,0.093672
SLV,10,0.097918
SLV,15,0.107111
SLV,20,0.098325
SLV,25,0.078822
SLV,30,0.067408
SLV,35,0.065361
SLV,40,0.057622
SLV,45,0.050151
SLV,50,0.042935
SLV,55,0.036083
SLV,60,0.030378
SLV,65,0.024636
SLV,70,0.019521
SLV,75,0.014571
SLV,80,0.010302
SLV,85,0.005851
SLV,90,0.00279
SLV,95,0.001547
GTM,0,0.119325
GTM,5,0.114906
GTM,10,0.114805
GTM,15,0.114349
GTM,20,0.105115
GTM,25,0.085711
GTM,30,0.072973
GTM,35,0.061003
GTM,40,0.046658
GTM,45,0.037074
GTM,50,0.030806
GTM,55,0.026529
GTM,60,0.021736
GTM,65,0.016268
GTM,70,0.012468
GTM,75,0.011127
GTM,80,0.00606
GTM,85,0.002457
GTM,90,0.000578
GTM,95,0.000052
HND,0,0.118953
HND,5,0.116636
HND,10,0.116333
HND,15,0.114324
HND,20,0.101426
HND,25,0.08389
HND,30,0.068865
HND,35,0.05981
HND,40,0.049719
HND,45,0.040281
HND,50,0.033443
HND,55,0.02766
HND,60,0.022314
HND,65,0.016871
HND,70,0.012646
HND,75,0.009012
HND,80,0.004908
HND,85,0.002106
HND,90,0.000658
HND,95,0.000144
MEX,0,0.090529
MEX,5,0.092085
MEX,10,0.09263
MEX,15,0.091699
MEX,20,0.088178
MEX,25,0.081062
MEX,30,0.075577
MEX,35,0.07173
MEX,40,0.06701
MEX,45,0.058702
MEX,50,0.048888
MEX,55,0.040722
MEX,60,0.031869
MEX,65,0.023919
MEX,70,0.018225
MEX,75,0.012695
MEX,80,0.008109
MEX,85,0.004192
MEX,90,0.001638
MEX,95,0.000541
NIC,0,0.108617
NIC,5,0.108525
NIC,10,0.104924
NIC,15,0.10315
NIC,20,0.09991
NIC,25,0.089911
NIC,30,0.077648
NIC,35,0.065767
NIC,40,0.054478
NIC,45,0.0461
NIC,50,0.038409
NIC,55,0.031177
NIC,60,0.024062
NIC,65,0.017456
NIC,70,0.012582
NIC,75,0.00886
NIC,80,0.005231
NIC,85,0.002298
NIC,90,0.000689
NIC,95,0.000206
PAN,0,0.096713
PAN,5,0.094095
PAN,10,0.091236
PAN,15,0.089941
PAN,20,0.079979
PAN,25,0.07615
PAN,30,0.072559
PAN,35,0.068144
PAN,40,0.064687
PAN,45,0.059202
PAN,50,0.051162
PAN,55,0.041144
PAN,60,0.033488
PAN,65,0.027332
PAN,70,0.020345
PAN,75,0.014852
PAN,80,0.009462
PAN,85,0.005606
PAN,90,0.002711
PAN,95,0.001191
VEN,0,0.093828
VEN,5,0.086552
VEN,10,0.08372
VEN,15,0.087253
VEN,20,0.091142
VEN,25,0.08581
VEN,30,0.080528
VEN,35,0.074301
VEN,40,0.06379
VEN,45,0.057396
VEN,50,0.050284
VEN,55,0.042655
VEN,60,0.035067
VEN,65,0.025265
VEN,70,0.016585
VEN,75,0.011628
VEN,80,0.007083
VEN,85,0.004309
VEN,90,0.00192
VEN,95,0.000883
BRA,0,0.078187
BRA,5,0.076057
BRA,10,0.077802
BRA,15,0.083876
BRA,20,0.083008
BRA,25,0.083411
BRA,30,0.084151
BRA,35,0.077725
BRA,40,0.06778
BRA,45,0.062464
BRA,50,0.056811
BRA,55,0.04769
BRA,60,0.038451
BRA,65,0.029319
BRA,70,0.020962
BRA,75,0.015027
BRA,80,0.009361
BRA,85,0.005105
BRA,90,0.002069
BRA,95,0.000743
PRY,0,0.098683
PRY,5,0.101107
PRY,10,0.100052
PRY,15,0.099431
PRY,20,0.096725
PRY,25,0.089466
PRY,30,0.078563
PRY,35,0.065083
PRY,40,0.054237
PRY,45,0.048221
PRY,50,0.043691
PRY,55,0.03637
PRY,60,0.029246
PRY,65,0.020094
PRY,70,0.015328
PRY,75,0.010533
PRY,80,0.006807
PRY,85,0.003685
PRY,90,0.001839
PRY,95,0.000839
DZA,0,0.107874
DZA,5,0.091067
DZA,10,0.078793
DZA,15,0.080219
DZA,20,0.091596
DZA,25,0.096652
DZA,30,0.092223
DZA,35,0.076045
DZA,40,0.063927
DZA,45,0.055055
DZA,50,0.045571
DZA,55,0.036142
DZA,60,0.029069
DZA,65,0.019725
DZA,70,0.014665
DZA,75,0.011152
DZA,80,0.007286
DZA,85,0.002546
DZA,90,0.000339
DZA,95,0.000055
BHR,0,0.057025
BHR,5,0.058745
BHR,10,0.062169
BHR,15,0.056916
BHR,20,0.06111
BHR,25,0.094452
BHR,30,0.150432
BHR,35,0.127881
BHR,40,0.101062
BHR,45,0.079211
BHR,50,0.059382
BHR,55,0.043264
BHR,60,0.024059
BHR,65,0.011203
BHR,70,0.006025
BHR,75,0.004342
BHR,80,0.002083
BHR,85,0.000557
BHR,90,0.000072
BHR,95,0.000007
EGY,0,0.12176
EGY,5,0.114567
EGY,10,0.098171
EGY,15,0.094084
EGY,20,0.093848
EGY,25,0.088371
EGY,30,0.078531
EGY,35,0.065733
EGY,40,0.053442
EGY,45,0.047469
EGY,50,0.041757
EGY,55,0.033883
EGY,60,0.026179
EGY,65,0.017638
EGY,70,0.011837
EGY,75,0.006999
EGY,80,0.003746
EGY,85,0.001487
EGY,90,0.000399
EGY,95,0.000098
IRN,0,0.090229
IRN,5,0.079775
IRN,10,0.070539
IRN,15,0.071411
IRN,20,0.085424
IRN,25,0.108053
IRN,30,0.106093
IRN,35,0.084149
IRN,40,0.067826
IRN,45,0.059223
IRN,50,0.047922
IRN,55,0.040719
IRN,60,0.029724
IRN,65,0.020225
IRN,70,0.014275
IRN,75,0.011293
IRN,80,0.008031
IRN,85,0.003695
IRN,90,0.001166
IRN,95,0.00023
IRQ,0,0.120382
IRQ,5,0.116482
IRQ,10,0.113035
IRQ,15,0.112062
IRQ,20,0.105931
IRQ,25,0.090107
IRQ,30,0.068778
IRQ,35,0.061081
IRQ,40,0.056759
IRQ,45,0.043511
IRQ,50,0.032314
IRQ,55,0.025565
IRQ,60,0.019419
IRQ,65,0.013748
IRQ,70,0.009244
IRQ,75,0.005916
IRQ,80,0.003344
IRQ,85,0.001609
IRQ,90,0.000565
IRQ,95,0.000147
JOR,0,0.114599
JOR,5,0.118161
JOR,10,0.109755
JOR,15,0.101669
JOR,20,0.097189
JOR,25,0.088437
JOR,30,0.077799
JOR,35,0.068224
JOR,40,0.059081
JOR,45,0.048777
JOR,50,0.036874
JOR,55,0.025898
JOR,60,0.018305
JOR,65,0.013902
JOR,70,0.010356
JOR,75,0.006602
JOR,80,0.002782
JOR,85,0.001114
JOR,90,0.000391
JOR,95,0.000086
KWT,0,0.076325
KWT,5,0.069523
KWT,10,0.061893
KWT,15,0.055625
KWT,20,0.071635
KWT,25,0.118626
KWT,30,0.134719
KWT,35,0.119904
KWT,40,0.092732
KWT,45,0.074208
KWT,50,0.047608
KWT,55,0.029112
KWT,60,0.01771
KWT,65,0.011249
KWT,70,0.006546
KWT,75,0.004979
KWT,80,0.004167
KWT,85,0.002382
KWT,90,0.00079
KWT,95,0.000268
LBN,0,0.109534
LBN,5,0.086039
LBN,10,0.072214
LBN,15,0.070077
LBN,20,0.091308
LBN,25,0.101089
LBN,30,0.085415
LBN,35,0.067335
LBN,40,0.06086
LBN,45,0.051433
LBN,50,0.048847
LBN,55,0.037043
LBN,60,0.03259
LBN,65,0.027625
LBN,70,0.022469
LBN,75,0.017628
LBN,80,0.011188
LBN,85,0.005409
LBN,90,0.001605
LBN,95,0.000292
LBY,0,0.072899
LBY,5,0.083631
LBY,10,0.090245
LBY,15,0.090113
LBY,20,0.091328
LBY,25,0.09487
LBY,30,0.099053
LBY,35,0.093021
LBY,40,0.079344
LBY,45,0.062212
LBY,50,0.042904
LBY,55,0.031217
LBY,60,0.02205
LBY,65,0.015786
LBY,70,0.012267
LBY,75,0.008816
LBY,80,0.005733
LBY,85,0.003091
LBY,90,0.00102
LBY,95,0.000401
MAR,0,0.09684
MAR,5,0.093865
MAR,10,0.090878
MAR,15,0.08813
MAR,20,0.088659
MAR,25,0.085003
MAR,30,0.078551
MAR,35,0.071844
MAR,40,0.063449
MAR,45,0.056257
MAR,50,0.051932
MAR,55,0.04353
MAR,60,0.033951
MAR,65,0.020317
MAR,70,0.014979
MAR,75,0.010896
MAR,80,0.006318
MAR,85,0.003196
MAR,90,0.001123
MAR,95,0.000282
missing,0,0.141877
missing,5,0.135765
missing,10,0.117086
missing,15,0.109068
missing,20,0.104362
missing,25,0.0835
missing,30,0.063699
missing,35,0.055294
missing,40,0.047131
missing,45,0.03923
missing,50,0.033125
missing,55,0.023073
missing,60,0.016574
missing,65,0.011474
missing,70,0.008338
missing,75,0.005148
missing,80,0.003208
missing,85,0.001457
missing,90,0.00046
missing,95,0.000129
OMN,0,0.089838
OMN,5,0.073765
OMN,10,0.058946
OMN,15,0.057353
OMN,20,0.091301
OMN,25,0.170397
OMN,30,0.144821
OMN,35,0.10269
OMN,40,0.069666
OMN,45,0.048371
OMN,50,0.033653
OMN,55,0.025605
OMN,60,0.013747
OMN,65,0.008843
OMN,70,0.005279
OMN,75,0.003291
OMN,80,0.001378
OMN,85,0.000795
OMN,90,0.000232
OMN,95,0.000028
QAT,0,0.054579
QAT,5,0.047548
QAT,10,0.037022
QAT,15,0.034625
QAT,20,0.105355
QAT,25,0.176879
QAT,30,0.167338
QAT,35,0.127914
QAT,40,0.094877
QAT,45,0.065836
QAT,50,0.041054
QAT,55,0.026204
QAT,60,0.011855
QAT,65,0.005247
QAT,70,0.002177
QAT,75,0.000967
QAT,80,0.000388
QAT,85,0.000111
QAT,90,0.000021
QAT,95,0.000003
SAU,0,0.072998
SAU,5,0.073781
SAU,10,0.074934
SAU,15,0.086173
SAU,20,0.101281
SAU,25,0.112928
SAU,30,0.117924
SAU,35,0.110522
SAU,40,0.08426
SAU,45,0.058269
SAU,50,0.039369
SAU,55,0.026617
SAU,60,0.017107
SAU,65,0.011228
SAU,70,0.006447
SAU,75,0.003021
SAU,80,0.001592
SAU,85,0.001134
SAU,90,0.000334
SAU,95,0.000079
SYR,0,0.087583
SYR,5,0.11348
SYR,10,0.129995
SYR,15,0.118116
SYR,20,0.061444
SYR,25,0.04758
SYR,30,0.071105
SYR,35,0.070573
SYR,40,0.065698
SYR,45,0.060688
SYR,50,0.052049
SYR,55,0.039221
SYR,60,0.030551
SYR,65,0.020064
SYR,70,0.01468
SYR,75,0.00929
SYR,80,0.005625
SYR,85,0.001858
SYR,90,0.000338
SYR,95,0.000063
TUN,0,0.083132
TUN,5,0.079922
TUN,10,0.073553
TUN,15,0.073203
TUN,20,0.082071
TUN,25,0.084555
TUN,30,0.085694
TUN,35,0.081013
TUN,40,0.068992
TUN,45,0.061551
TUN,50,0.058665
TUN,55,0.05101
TUN,60,0.036963
TUN,65,0.028318
TUN,70,0.02057
TUN,75,0.014709
TUN,80,0.009862
TUN,85,0.004354
TUN,90,0.001467
TUN,95,0.000395
TUR,0,0.063816
TUR,5,0.070597
TUR,10,0.082233
TUR,15,0.085217
TUR,20,0.086577
TUR,25,0.087517
TUR,30,0.086029
TUR,35,0.083436
TUR,40,0.068879
TUR,45,0.062027
TUR,50,0.057223
TUR,55,0.046553
TUR,60,0.039791
TUR,65,0.02814
TUR,70,0.019486
TUR,75,0.01474
TUR,80,0.010165
TUR,85,0.005358
TUR,90,0.001721
TUR,95,0.000493
ARE,0,0.046776
ARE,5,0.04666
ARE,10,0.037829
ARE,15,0.036317
ARE,20,0.035028
ARE,25,0.14231
ARE,30,0.213922
ARE,35,0.177038
ARE,40,0.118215
ARE,45,0.07154
ARE,50,0.037529
ARE,55,0.019317
ARE,60,0.010863
ARE,65,0.003792
ARE,70,0.001588
ARE,75,0.0008
ARE,80,0.000342
ARE,85,0.000113
ARE,90,0.00002
ARE,95,0.000002
YEM,0,0.161668
YEM,5,0.146804
YEM,10,0.126229
YEM,15,0.100425
YEM,20,0.087485
YEM,25,0.082663
YEM,30,0.074184
YEM,35,0.060049
YEM,40,0.041877
YEM,45,0.030266
YEM,50,0.024214
YEM,55,0.019779
YEM,60,0.015976
YEM,65,0.011173
YEM,70,0.008129
YEM,75,0.004885
YEM,80,0.002642
YEM,85,0.001113
YEM,90,0.000354
YEM,95,0.000084
AFG,0,0.176874
AFG,5,0.151361
AFG,10,0.133707
AFG,15,0.115576
AFG,20,0.100749
AFG,25,0.069813
AFG,30,0.052145
AFG,35,0.042311
AFG,40,0.051901
AFG,45,0.041842
AFG,50,0.020437
AFG,55,0.010448
AFG,60,0.010556
AFG,65,0.008035
AFG,70,0.006505
AFG,75,0.004309
AFG,80,0.00226
AFG,85,0.000887
AFG,90,0.000239
AFG,95,0.000045
BGD,0,0.094907
BGD,5,0.10383
BGD,10,0.104268
BGD,15,0.098878
BGD,20,0.09334
BGD,25,0.088152
BGD,30,0.077911
BGD,35,0.068478
BGD,40,0.059398
BGD,45,0.049861
BGD,50,0.041454
BGD,55,0.034127
BGD,60,0.027341
BGD,65,0.021321
BGD,70,0.016108
BGD,75,0.010989
BGD,80,0.006428
BGD,85,0.002531
BGD,90,0.000554
BGD,95,0.000125
BTN,0,0.095188
BTN,5,0.088603
BTN,10,0.093266
BTN,15,0.102296
BTN,20,0.111526
BTN,25,0.105058
BTN,30,0.086678
BTN,35,0.071079
BTN,40,0.054275
BTN,45,0.044939
BTN,50,0.037726
BTN,55,0.030833
BTN,60,0.025308
BTN,65,0.019513
BTN,70,0.0147
BTN,75,0.009918
BTN,80,0.005642
BTN,85,0.002479
BTN,90,0.000766
BTN,95,0.000205
IND,0,0.092351
IND,5,0.097794
IND,10,0.101331
IND,15,0.100122
IND,20,0.092546
IND,25,0.085067
IND,30,0.078556
IND,35,0.069593
IND,40,0.061117
IND,45,0.05253
IND,50,0.042829
IND,55,0.035306
IND,60,0.031218
IND,65,0.023355
IND,70,0.016538
IND,75,0.011036
IND,80,0.005816
IND,85,0.002263
IND,90,0.000556
IND,95,0.000075
NPL,0,0.105092
NPL,5,0.107247
NPL,10,0.115422
NPL,15,0.112798
NPL,20,0.096229
NPL,25,0.081368
NPL,30,0.069576
NPL,35,0.060677
NPL,40,0.052716
NPL,45,0.045269
NPL,50,0.038475
NPL,55,0.032758
NPL,60,0.028065
NPL,65,0.021694
NPL,70,0.015319
NPL,75,0.009398
NPL,80,0.004963
NPL,85,0.002096
NPL,90,0.000674
NPL,95,0.000166
PAK,0,0.147469
PAK,5,0.137295
PAK,10,0.124913
PAK,15,0.107994
PAK,20,0.089798
PAK,25,0.076466
PAK,30,0.066271
PAK,35,0.056144
PAK,40,0.047752
PAK,45,0.03921
PAK,50,0.031276
PAK,55,0.024504
PAK,60,0.018288
PAK,65,0.013116
PAK,70,0.009235
PAK,75,0.005694
PAK,80,0.002923
PAK,85,0.001184
PAK,90,0.000376
PAK,95,0.000089
AGO,0,0.184773
AGO,5,0.164596
AGO,10,0.122463
AGO,15,0.099341
AGO,20,0.084411
AGO,25,0.075125
AGO,30,0.058349
AGO,35,0.052767
AGO,40,0.041146
AGO,45,0.033198
AGO,50,0.027668
AGO,55,0.019946
AGO,60,0.014848
AGO,65,0.008761
AGO,70,0.006482
AGO,75,0.003614
AGO,80,0.001642
AGO,85,0.000648
AGO,90,0.000187
AGO,95,0.000037
CAF,0,0.163454
CAF,5,0.142433
CAF,10,0.124691
CAF,15,0.110363
CAF,20,0.088849
CAF,25,0.0742
CAF,30,0.06427
CAF,35,0.054927
CAF,40,0.046251
CAF,45,0.038862
CAF,50,0.029946
CAF,55,0.022964
CAF,60,0.015466
CAF,65,0.010392
CAF,70,0.006707
CAF,75,0.003757
CAF,80,0.001706
CAF,85,0.000578
CAF,90,0.000153
CAF,95,0.000032
COG,0,0.149227
COG,5,0.131996
COG,10,0.11086
COG,15,0.093408
COG,20,0.084953
COG,25,0.080572
COG,30,0.076215
COG,35,0.068086
COG,40,0.056861
COG,45,0.043704
COG,50,0.032524
COG,55,0.023703
COG,60,0.018077
COG,65,0.011461
COG,70,0.008551
COG,75,0.005539
COG,80,0.00286
COG,85,0.001079
COG,90,0.000274
COG,95,0.000052
COD,0,0.169306
COD,5,0.149143
COD,10,0.127142
COD,15,0.10749
COD,20,0.091393
COD,25,0.07695
COD,30,0.062895
COD,35,0.050261
COD,40,0.041156
COD,45,0.034235
COD,50,0.028029
COD,55,0.021354
COD,60,0.015699
COD,65,0.009672
COD,70,0.006867
COD,75,0.004531
COD,80,0.002509
COD,85,0.001008
COD,90,0.000298
COD,95,0.000061
GNQ,0,0.14617
GNQ,5,0.145099
GNQ,10,0.140632
GNQ,15,0.125696
GNQ,20,0.105055
GNQ,25,0.085639
GNQ,30,0.06618
GNQ,35,0.048137
GNQ,40,0.036389
GNQ,45,0.028255
GNQ,50,0.021263
GNQ,55,0.015906
GNQ,60,0.013631
GNQ,65,0.007572
GNQ,70,0.00668
GNQ,75,0.004263
GNQ,80,0.002199
GNQ,85,0.000889
GNQ,90,0.000278
GNQ,95,0.000067
GAB,0,0.1231
GAB,5,0.116386
GAB,10,0.1109
GAB,15,0.104393
GAB,20,0.096136
GAB,25,0.08467
GAB,30,0.073314
GAB,35,0.062111
GAB,40,0.053143
GAB,45,0.045467
GAB,50,0.038494
GAB,55,0.029692
GAB,60,0.024328
GAB,65,0.01249
GAB,70,0.010595
GAB,75,0.007633
GAB,80,0.004512
GAB,85,0.001923
GAB,90,0.00058
GAB,95,0.000135
BDI,0,0.177648
BDI,5,0.152491
BDI,10,0.12671
BDI,15,0.105596
BDI,20,0.087172
BDI,25,0.076433
BDI,30,0.065131
BDI,35,0.050706
BDI,40,0.038214
BDI,45,0.031546
BDI,50,0.027011
BDI,55,0.021836
BDI,60,0.01544
BDI,65,0.009806
BDI,70,0.00644
BDI,75,0.004272
BDI,80,0.002308
BDI,85,0.000913
BDI,90,0.000266
BDI,95,0.000061
COM,0,0.119231
COM,5,0.11731
COM,10,0.111685
COM,15,0.102038
COM,20,0.092015
COM,25,0.08163
COM,30,0.071085
COM,35,0.063799
COM,40,0.056351
COM,45,0.046221
COM,50,0.036427
COM,55,0.028505
COM,60,0.022616
COM,65,0.01782
COM,70,0.01425
COM,75,0.010107
COM,80,0.005485
COM,85,0.002418
COM,90,0.000814
COM,95,0.000195
DJI,0,0.148008
DJI,5,0.11609
DJI,10,0.095039
DJI,15,0.090255
DJI,20,0.088224
DJI,25,0.093863
DJI,30,0.084167
DJI,35,0.074631
DJI,40,0.058648
DJI,45,0.044988
DJI,50,0.034465
DJI,55,0.025129
DJI,60,0.018874
DJI,65,0.012497
DJI,70,0.00772
DJI,75,0.00434
DJI,80,0.002037
DJI,85,0.000759
DJI,90,0.00022
DJI,95,0.000047
ERI,0,0.14813
ERI,5,0.138037
ERI,10,0.12766
ERI,15,0.11336
ERI,20,0.098208
ERI,25,0.081219
ERI,30,0.069157
ERI,35,0.05681
ERI,40,0.045607
ERI,45,0.035774
ERI,50,0.027979
ERI,55,0.021063
ERI,60,0.015085
ERI,65,0.008927
ERI,70,0.006676
ERI,75,0.003815
ERI,80,0.001761
ERI,85,0.000572
ERI,90,0.000135
ERI,95,0.000025
ETH,0,0.162403
ETH,5,0.146566
ETH,10,0.13444
ETH,15,0.118298
ETH,20,0.097286
ETH,25,0.075387
ETH,30,0.061989
ETH,35,0.05245
ETH,40,0.040434
ETH,45,0.029783
ETH,50,0.022389
ETH,55,0.017339
ETH,60,0.014357
ETH,65,0.009743
ETH,70,0.007804
ETH,75,0.005108
ETH,80,0.002734
ETH,85,0.001103
ETH,90,0.00032
ETH,95,0.000067
KEN,0,0.139528
KEN,5,0.136542
KEN,10,0.130558
KEN,15,0.114633
KEN,20,0.095563
KEN,25,0.083262
KEN,30,0.070962
KEN,35,0.057014
KEN,40,0.044835
KEN,45,0.034586
KEN,50,0.027357
KEN,55,0.021275
KEN,60,0.015944
KEN,65,0.011407
KEN,70,0.007805
KEN,75,0.004685
KEN,80,0.002547
KEN,85,0.001071
KEN,90,0.000339
KEN,95,0.000086
MDG,0,0.157516
MDG,5,0.142094
MDG,10,0.126277
MDG,15,0.1099
MDG,20,0.092329
MDG,25,0.077543
MDG,30,0.065929
MDG,35,0.056034
MDG,40,0.045637
MDG,45,0.036356
MDG,50,0.029147
MDG,55,0.022529
MDG,60,0.015392
MDG,65,0.01004
MDG,70,0.006268
MDG,75,0.003763
MDG,80,0.002072
MDG,85,0.000857
MDG,90,0.000261
MDG,95,0.000057
MWI,0,0.155602
MWI,5,0.154326
MWI,10,0.140245
MWI,15,0.114812
MWI,20,0.087621
MWI,25,0.078354
MWI,30,0.065766
MWI,35,0.052818
MWI,40,0.039255
MWI,45,0.02892
MWI,50,0.021259
MWI,55,0.017365
MWI,60,0.015027
MWI,65,0.011892
MWI,70,0.007841
MWI,75,0.004661
MWI,80,0.002551
MWI,85,0.001178
MWI,90,0.000411
MWI,95,0.000095
MUS,0,0.053424
MUS,5,0.06184
MUS,10,0.072598
MUS,15,0.075636
MUS,20,0.079103
MUS,25,0.071146
MUS,30,0.074134
MUS,35,0.079547
MUS,40,0.068157
MUS,45,0.073079
MUS,50,0.075825
MUS,55,0.064684
MUS,60,0.054516
MUS,65,0.037322
MUS,70,0.023574
MUS,75,0.016067
MUS,80,0.010241
MUS,85,0.005939
MUS,90,0.002313
MUS,95,0.000856
MOZ,0,0.181109
MOZ,5,0.162755
MOZ,10,0.130467
MOZ,15,0.105602
MOZ,20,0.088534
MOZ,25,0.070219
MOZ,30,0.059048
MOZ,35,0.048434
MOZ,40,0.040319
MOZ,45,0.030295
MOZ,50,0.023712
MOZ,55,0.018778
MOZ,60,0.01485
MOZ,65,0.010785
MOZ,70,0.007047
MOZ,75,0.004392
MOZ,80,0.002259
MOZ,85,0.000974
MOZ,90,0.000336
MOZ,95,0.000086
RWA,0,0.140826
RWA,5,0.136518
RWA,10,0.125732
RWA,15,0.108962
RWA,20,0.090679
RWA,25,0.087926
RWA,30,0.0746
RWA,35,0.056787
RWA,40,0.041734
RWA,45,0.03392
RWA,50,0.029459
RWA,55,0.024913
RWA,60,0.019188
RWA,65,0.011416
RWA,70,0.007869
RWA,75,0.005206
RWA,80,0.002752
RWA,85,0.001144
RWA,90,0.000291
RWA,95,0.000078
SYC,0,0.077121
SYC,5,0.072271
SYC,10,0.070423
SYC,15,0.072197
SYC,20,0.077783
SYC,25,0.082205
SYC,30,0.082692
SYC,35,0.081369
SYC,40,0.079448
SYC,45,0.074281
SYC,50,0.066162
SYC,55,0.053437
SYC,60,0.036075
SYC,65,0.024926
SYC,70,0.01923
SYC,75,0.014263
SYC,80,0.009253
SYC,85,0.004734
SYC,90,0.001691
SYC,95,0.000438
SOM,0,0.186569
SOM,5,0.154313
SOM,10,0.134595
SOM,15,0.11112
SOM,20,0.087706
SOM,25,0.06564
SOM,30,0.062627
SOM,35,0.058142
SOM,40,0.043032
SOM,45,0.0235
SOM,50,0.019265
SOM,55,0.017743
SOM,60,0.015228
SOM,65,0.009877
SOM,70,0.005715
SOM,75,0.00301
SOM,80,0.001331
SOM,85,0.000456
SOM,90,0.000111
SOM,95,0.00002
TZA,0,0.17314
TZA,5,0.145249
TZA,10,0.125719
TZA,15,0.106643
TZA,20,0.088099
TZA,25,0.074591
TZA,30,0.063233
TZA,35,0.053477
TZA,40,0.043126
TZA,45,0.033863
TZA,50,0.02654
TZA,55,0.019642
TZA,60,0.016025
TZA,65,0.011183
TZA,70,0.008517
TZA,75,0.005896
TZA,80,0.003196
TZA,85,0.00131
TZA,90,0.000437
TZA,95,0.000114
UGA,0,0.182694
UGA,5,0.158808
UGA,10,0.139159
UGA,15,0.115998
UGA,20,0.092397
UGA,25,0.073242
UGA,30,0.057015
UGA,35,0.044779
UGA,40,0.035704
UGA,45,0.027739
UGA,50,0.02143
UGA,55,0.015992
UGA,60,0.012389
UGA,65,0.008496
UGA,70,0.006487
UGA,75,0.004239
UGA,80,0.002159
UGA,85,0.000894
UGA,90,0.000299
UGA,95,0.000082
ZMB,0,0.166086
ZMB,5,0.146544
ZMB,10,0.129221
ZMB,15,0.113368
ZMB,20,0.096516
ZMB,25,0.079997
ZMB,30,0.066077
ZMB,35,0.053758
ZMB,40,0.04158
ZMB,45,0.030733
ZMB,50,0.022746
ZMB,55,0.016923
ZMB,60,0.012441
ZMB,65,0.00936
ZMB,70,0.006773
ZMB,75,0.004449
ZMB,80,0.002324
ZMB,85,0.00083
ZMB,90,0.000231
ZMB,95,0.000044
BWA,0,0.108846
BWA,5,0.105953
BWA,10,0.100154
BWA,15,0.096192
BWA,20,0.096288
BWA,25,0.098412
BWA,30,0.09493
BWA,35,0.075572
BWA,40,0.057781
BWA,45,0.043014
BWA,50,0.035442
BWA,55,0.028904
BWA,60,0.022582
BWA,65,0.014519
BWA,70,0.009941
BWA,75,0.006335
BWA,80,0.003423
BWA,85,0.001284
BWA,90,0.000356
BWA,95,0.000072
LSO,0,0.111515
LSO,5,0.108956
LSO,10,0.109655
LSO,15,0.107183
LSO,20,0.103514
LSO,25,0.093581
LSO,30,0.082345
LSO,35,0.065706
LSO,40,0.046189
LSO,45,0.038651
LSO,50,0.035345
LSO,55,0.029359
LSO,60,0.023745
LSO,65,0.018752
LSO,70,0.012033
LSO,75,0.007507
LSO,80,0.00394
LSO,85,0.00152
LSO,90,0.000418
LSO,95,0.000085
NAM,0,0.127821
NAM,5,0.118523
NAM,10,0.109973
NAM,15,0.105906
NAM,20,0.100774
NAM,25,0.088267
NAM,30,0.073741
NAM,35,0.061549
NAM,40,0.051155
NAM,45,0.040906
NAM,50,0.032307
NAM,55,0.025182
NAM,60,0.02056
NAM,65,0.015193
NAM,70,0.011797
NAM,75,0.008312
NAM,80,0.00495
NAM,85,0.002187
NAM,90,0.000733
NAM,95,0.000165
ZAF,0,0.097838
ZAF,5,0.093391
ZAF,10,0.086881
ZAF,15,0.085908
ZAF,20,0.095612
ZAF,25,0.100619
ZAF,30,0.087784
ZAF,35,0.070543
ZAF,40,0.059909
ZAF,45,0.05171
ZAF,50,0.044583
ZAF,55,0.038016
ZAF,60,0.030433
ZAF,65,0.021067
ZAF,70,0.014689
ZAF,75,0.010241
ZAF,80,0.006396
ZAF,85,0.003212
ZAF,90,0.000985
ZAF,95,0.000182
SWZ,0,0.132905
SWZ,5,0.124016
SWZ,10,0.11876
SWZ,15,0.112367
SWZ,20,0.102936
SWZ,25,0.090879
SWZ,30,0.075433
SWZ,35,0.05833
SWZ,40,0.044677
SWZ,45,0.035102
SWZ,50,0.028169
SWZ,55,0.022825
SWZ,60,0.018795
SWZ,65,0.014844
SWZ,70,0.01045
SWZ,75,0.005842
SWZ,80,0.002518
SWZ,85,0.000879
SWZ,90,0.000228
SWZ,95,0.000043
ZWE,0,0.150287
ZWE,5,0.135066
ZWE,10,0.124151
ZWE,15,0.110833
ZWE,20,0.09264
ZWE,25,0.080748
ZWE,30,0.072131
ZWE,35,0.059445
ZWE,40,0.045114
ZWE,45,0.032243
ZWE,50,0.025198
ZWE,55,0.021787
ZWE,60,0.0188
ZWE,65,0.01307
ZWE,70,0.008731
ZWE,75,0.005316
ZWE,80,0.002742
ZWE,85,0.001247
ZWE,90,0.000374
ZWE,95,0.000077
BEN,0,0.183208
BEN,5,0.153987
BEN,10,0.126406
BEN,15,0.105969
BEN,20,0.089809
BEN,25,0.074722
BEN,30,0.061055
BEN,35,0.050708
BEN,40,0.040137
BEN,45,0.031317
BEN,50,0.023665
BEN,55,0.017967
BEN,60,0.01427
BEN,65,0.009543
BEN,70,0.007624
BEN,75,0.005208
BEN,80,0.002756
BEN,85,0.001168
BEN,90,0.000391
BEN,95,0.000089
BFA,0,0.18208
BFA,5,0.15413
BFA,10,0.128595
BFA,15,0.103838
BFA,20,0.084915
BFA,25,0.072125
BFA,30,0.061798
BFA,35,0.050827
BFA,40,0.040075
BFA,45,0.031825
BFA,50,0.025674
BFA,55,0.020066
BFA,60,0.015208
BFA,65,0.011246
BFA,70,0.008145
BFA,75,0.005135
BFA,80,0.00272
BFA,85,0.001143
BFA,90,0.000375
BFA,95,0.000081
CMR,0,0.15956
CMR,5,0.14646
CMR,10,0.126644
CMR,15,0.106165
CMR,20,0.093535
CMR,25,0.082743
CMR,30,0.068583
CMR,35,0.053475
CMR,40,0.041283
CMR,45,0.032478
CMR,50,0.026183
CMR,55,0.020448
CMR,60,0.015146
CMR,65,0.010751
CMR,70,0.007588
CMR,75,0.004988
CMR,80,0.00261
CMR,85,0.00104
CMR,90,0.000264
CMR,95,0.000057
CPV,0,0.103276
CPV,5,0.100097
CPV,10,0.095654
CPV,15,0.099557
CPV,20,0.099958
CPV,25,0.096634
CPV,30,0.085398
CPV,35,0.063924
CPV,40,0.051958
CPV,45,0.048438
CPV,50,0.042491
CPV,55,0.033453
CPV,60,0.024662
CPV,65,0.013763
CPV,70,0.011063
CPV,75,0.012967
CPV,80,0.009297
CPV,85,0.004803
CPV,90,0.001779
CPV,95,0.000828
TCD,0,0.206164
TCD,5,0.170062
TCD,10,0.135622
TCD,15,0.103962
TCD,20,0.081366
TCD,25,0.064945
TCD,30,0.052831
TCD,35,0.043703
TCD,40,0.035846
TCD,45,0.028311
TCD,50,0.022202
TCD,55,0.016743
TCD,60,0.013513
TCD,65,0.009206
TCD,70,0.00699
TCD,75,0.004609
TCD,80,0.002622
TCD,85,0.00092
TCD,90,0.000309
TCD,95,0.000071
CIV,0,0.162348
CIV,5,0.139105
CIV,10,0.116497
CIV,15,0.098772
CIV,20,0.090987
CIV,25,0.086674
CIV,30,0.076565
CIV,35,0.06107
CIV,40,0.045828
CIV,45,0.035078
CIV,50,0.027156
CIV,55,0.020554
CIV,60,0.014581
CIV,65,0.01033
CIV,70,0.006834
CIV,75,0.004155
CIV,80,0.002245
CIV,85,0.000906
CIV,90,0.000262
CIV,95,0.000053
GMB,0,0.159111
GMB,5,0.142784
GMB,10,0.127497
GMB,15,0.111034
GMB,20,0.095435
GMB,25,0.080996
GMB,30,0.066525
GMB,35,0.054043
GMB,40,0.04121
GMB,45,0.031566
GMB,50,0.024001
GMB,55,0.018488
GMB,60,0.014368
GMB,65,0.011182
GMB,70,0.009193
GMB,75,0.007103
GMB,80,0.003668
GMB,85,0.001344
GMB,90,0.000372
GMB,95,0.00008
GHA,0,0.134404
GHA,5,0.125418
GHA,10,0.114776
GHA,15,0.106516
GHA,20,0.097644
GHA,25,0.086153
GHA,30,0.073923
GHA,35,0.061242
GHA,40,0.050013
GHA,45,0.039977
GHA,50,0.031135
GHA,55,0.024735
GHA,60,0.019176
GHA,65,0.013798
GHA,70,0.009747
GHA,75,0.006255
GHA,80,0.003344
GHA,85,0.001276
GHA,90,0.000381
GHA,95,0.000086
GIN,0,0.176543
GIN,5,0.15401
GIN,10,0.126031
GIN,15,0.103372
GIN,20,0.088123
GIN,25,0.074714
GIN,30,0.060165
GIN,35,0.04781
GIN,40,0.039268
GIN,45,0.031245
GIN,50,0.02532
GIN,55,0.021145
GIN,60,0.016901
GIN,65,0.013115
GIN,70,0.00922
GIN,75,0.006216
GIN,80,0.003988
GIN,85,0.001999
GIN,90,0.000685
GIN,95,0.000129
GNB,0,0.162338
GNB,5,0.144233
GNB,10,0.123702
GNB,15,0.10847
GNB,20,0.098958
GNB,25,0.087193
GNB,30,0.070192
GNB,35,0.052289
GNB,40,0.039721
GNB,45,0.030964
GNB,50,0.024217
GNB,55,0.018722
GNB,60,0.014499
GNB,65,0.010157
GNB,70,0.006981
GNB,75,0.00419
GNB,80,0.00207
GNB,85,0.000818
GNB,90,0.000233
GNB,95,0.000051
LBR,0,0.147863
LBR,5,0.14158
LBR,10,0.123388
LBR,15,0.107158
LBR,20,0.092554
LBR,25,0.078876
LBR,30,0.070599
LBR,35,0.057687
LBR,40,0.057397
LBR,45,0.035854
LBR,50,0.026151
LBR,55,0.018706
LBR,60,0.015088
LBR,65,0.009553
LBR,70,0.00744
LBR,75,0.005096
LBR,80,0.003051
LBR,85,0.001392
LBR,90,0.00046
LBR,95,0.000108
MLI,0,0.187772
MLI,5,0.157373
MLI,10,0.133369
MLI,15,0.10927
MLI,20,0.086339
MLI,25,0.06773
MLI,30,0.055309
MLI,35,0.045597
MLI,40,0.037115
MLI,45,0.030509
MLI,50,0.024809
MLI,55,0.020037
MLI,60,0.01556
MLI,65,0.011555
MLI,70,0.007959
MLI,75,0.005093
MLI,80,0.002854
MLI,85,0.001269
MLI,90,0.000397
MLI,95,0.000084
MRT,0,0.145599
MRT,5,0.148515
MRT,10,0.128549
MRT,15,0.106685
MRT,20,0.088862
MRT,25,0.075316
MRT,30,0.06301
MRT,35,0.05244
MRT,40,0.044141
MRT,45,0.036433
MRT,50,0.029506
MRT,55,0.024133
MRT,60,0.019228
MRT,65,0.013431
MRT,70,0.009984
MRT,75,0.007046
MRT,80,0.004675
MRT,85,0.001593
MRT,90,0.000672
MRT,95,0.00018
NER,0,0.211411
NER,5,0.175658
NER,10,0.133846
NER,15,0.104187
NER,20,0.081123
NER,25,0.062157
NER,30,0.051209
NER,35,0.042414
NER,40,0.033277
NER,45,0.026879
NER,50,0.022952
NER,55,0.018907
NER,60,0.012213
NER,65,0.010527
NER,70,0.007185
NER,75,0.003458
NER,80,0.001557
NER,85,0.000768
NER,90,0.000227
NER,95,0.000044
NGA,0,0.165804
NGA,5,0.152127
NGA,10,0.12861
NGA,15,0.106711
NGA,20,0.088737
NGA,25,0.074073
NGA,30,0.062055
NGA,35,0.052162
NGA,40,0.043542
NGA,45,0.035831
NGA,50,0.027671
NGA,55,0.021112
NGA,60,0.014508
NGA,65,0.00997
NGA,70,0.007652
NGA,75,0.004939
NGA,80,0.002695
NGA,85,0.001238
NGA,90,0.000447
NGA,95,0.000116
STP,0,0.129257
STP,5,0.136723
STP,10,0.126599
STP,15,0.106334
STP,20,0.090119
STP,25,0.082209
STP,30,0.073007
STP,35,0.060111
STP,40,0.049183
STP,45,0.038787
STP,50,0.031317
STP,55,0.023979
STP,60,0.017782
STP,65,0.011641
STP,70,0.008961
STP,75,0.007027
STP,80,0.004208
STP,85,0.002003
STP,90,0.000606
STP,95,0.000146
SEN,0,0.152285
SEN,5,0.140223
SEN,10,0.124386
SEN,15,0.108212
SEN,20,0.092501
SEN,25,0.078904
SEN,30,0.064817
SEN,35,0.053442
SEN,40,0.042587
SEN,45,0.034502
SEN,50,0.029688
SEN,55,0.024453
SEN,60,0.017898
SEN,65,0.013802
SEN,70,0.009482
SEN,75,0.006694
SEN,80,0.003793
SEN,85,0.001683
SEN,90,0.000531
SEN,95,0.000116
SLE,0,0.15753
SLE,5,0.138097
SLE,10,0.12465
SLE,15,0.110464
SLE,20,0.095885
SLE,25,0.081751
SLE,30,0.067127
SLE,35,0.055164
SLE,40,0.043267
SLE,45,0.034105
SLE,50,0.025657
SLE,55,0.019743
SLE,60,0.01495
SLE,65,0.011506
SLE,70,0.008774
SLE,75,0.006338
SLE,80,0.003166
SLE,85,0.001312
SLE,90,0.00042
SLE,95,0.000094
TGO,0,0.155295
TGO,5,0.140437
TGO,10,0.118302
TGO,15,0.100717
TGO,20,0.089302
TGO,25,0.079683
TGO,30,0.069608
TGO,35,0.05945
TGO,40,0.049695
TGO,45,0.039528
TGO,50,0.030725
TGO,55,0.022031
TGO,60,0.016556
TGO,65,0.012165
TGO,70,0.008308
TGO,75,0.004717
TGO,80,0.002245
TGO,85,0.000885
TGO,90,0.000287
TGO,95,0.000066
ASM,0,0.098699
ASM,5,0.108203
ASM,10,0.117161
ASM,15,0.110357
ASM,20,0.082676
ASM,25,0.058842
ASM,30,0.057112
ASM,35,0.060275
ASM,40,0.0599
ASM,45,0.061457
ASM,50,0.053947
ASM,55,0.042552
ASM,60,0.031721
ASM,65,0.021084
ASM,70,0.014905
ASM,75,0.010443
ASM,80,0.006261
ASM,85,0.003118
ASM,90,0.001053
ASM,95,0.000234
BMU,0,0.046127
BMU,5,0.052363
BMU,10,0.05127
BMU,15,0.049589
BMU,20,0.050514
BMU,25,0.057519
BMU,30,0.068398
BMU,35,0.073332
BMU,40,0.076622
BMU,45,0.079706
BMU,50,0.084173
BMU,55,0.079311
BMU,60,0.066458
BMU,65,0.052429
BMU,70,0.040419
BMU,75,0.031633
BMU,80,0.021563
BMU,85,0.012021
BMU,90,0.004941
BMU,95,0.001613
missing,0,0.081068
missing,5,0.084143
missing,10,0.081566
missing,15,0.079316
missing,20,0.068749
missing,25,0.066573
missing,30,0.05932
missing,35,0.06008
missing,40,0.069069
missing,45,0.066011
missing,50,0.069742
missing,55,0.053913
missing,60,0.05179
missing,65,0.032045
missing,70,0.033391
missing,75,0.020261
missing,80,0.014258
missing,85,0.00602
missing,90,0.002138
missing,95,0.000549
GRL,0,0.069479
GRL,5,0.070333
GRL,10,0.071457
GRL,15,0.070511
GRL,20,0.079877
GRL,25,0.078075
GRL,30,0.070617
GRL,35,0.056925
GRL,40,0.056969
GRL,45,0.089729
GRL,50,0.088714
GRL,55,0.068066
GRL,60,0.048776
GRL,65,0.030313
GRL,70,0.024189
GRL,75,0.012394
GRL,80,0.008419
GRL,85,0.004026
GRL,90,0.000909
GRL,95,0.000222
GUM,0,0.095672
GUM,5,0.089329
GUM,10,0.08265
GUM,15,0.086296
GUM,20,0.082944
GUM,25,0.068771
GUM,30,0.0615
GUM,35,0.060317
GUM,40,0.065487
GUM,45,0.067585
GUM,50,0.062334
GUM,55,0.051044
GUM,60,0.042054
GUM,65,0.03281
GUM,70,0.018729
GUM,75,0.01402
GUM,80,0.009229
GUM,85,0.005805
GUM,90,0.002491
GUM,95,0.000934
MCO,0,0.042878
MCO,5,0.043311
MCO,10,0.046879
MCO,15,0.048721
MCO,20,0.045049
MCO,25,0.047458
MCO,30,0.049768
MCO,35,0.055596
MCO,40,0.068033
MCO,45,0.084337
MCO,50,0.079791
MCO,55,0.074388
MCO,60,0.069249
MCO,65,0.072286
MCO,70,0.058965
MCO,75,0.043957
MCO,80,0.031102
MCO,85,0.022773
MCO,90,0.011985
MCO,95,0.003474
NRU,0,0.140066
NRU,5,0.126952
NRU,10,0.115893
NRU,15,0.103281
NRU,20,0.093783
NRU,25,0.086767
NRU,30,0.077112
NRU,35,0.066217
NRU,40,0.054348
NRU,45,0.044448
NRU,50,0.03406
NRU,55,0.027383
NRU,60,0.016613
NRU,65,0.006551
NRU,70,0.003302
NRU,75,0.001756
NRU,80,0.000888
NRU,85,0.000428
NRU,90,0.00013
NRU,95,0.000021
missing,0,0.079457
missing,5,0.084814
missing,10,0.089174
missing,15,0.075826
missing,20,0.068956
missing,25,0.063433
missing,30,0.061981
missing,35,0.060745
missing,40,0.063326
missing,45,0.064205
missing,50,0.066495
missing,55,0.061057
missing,60,0.049606
missing,65,0.03389
missing,70,0.027422
missing,75,0.023018
missing,80,0.015887
missing,85,0.007829
missing,90,0.002252
missing,95,0.000626
MNP,0,0.058285
MNP,5,0.065247
MNP,10,0.091418
MNP,15,0.098429
MNP,20,0.072983
MNP,25,0.049037
MNP,30,0.041777
MNP,35,0.062119
MNP,40,0.083985
MNP,45,0.108628
MNP,50,0.091144
MNP,55,0.076366
MNP,60,0.046061
MNP,65,0.025109
MNP,70,0.012703
MNP,75,0.008945
MNP,80,0.004743
MNP,85,0.002109
MNP,90,0.00075
MNP,95,0.000162
PLW,0,0.066705
PLW,5,0.069395
PLW,10,0.06911
PLW,15,0.069043
PLW,20,0.067443
PLW,25,0.070654
PLW,30,0.076664
PLW,35,0.081011
PLW,40,0.088671
PLW,45,0.084496
PLW,50,0.076821
PLW,55,0.063628
PLW,60,0.046213
PLW,65,0.032738
PLW,70,0.017841
PLW,75,0.009004
PLW,80,0.00664
PLW,85,0.002996
PLW,90,0.000787
PLW,95,0.000139
PRI,0,0.04831
PRI,5,0.058584
PRI,10,0.064179
PRI,15,0.071873
PRI,20,0.070916
PRI,25,0.06521
PRI,30,0.062944
PRI,35,0.065177
PRI,40,0.064338
PRI,45,0.064517
PRI,50,0.0667
PRI,55,0.063259
PRI,60,0.059303
PRI,65,0.056356
PRI,70,0.043293
PRI,75,0.031922
PRI,80,0.021303
PRI,85,0.012477
PRI,90,0.006282
PRI,95,0.003058
KNA,0,0.066129
KNA,5,0.072873
KNA,10,0.07735
KNA,15,0.078938
KNA,20,0.078815
KNA,25,0.079301
KNA,30,0.078698
KNA,35,0.074864
KNA,40,0.075877
KNA,45,0.074046
KNA,50,0.068306
KNA,55,0.061333
KNA,60,0.047652
KNA,65,0.024175
KNA,70,0.015639
KNA,75,0.012258
KNA,80,0.007595
KNA,85,0.00411
KNA,90,0.00157
KNA,95,0.000471
SMR,0,0.051936
SMR,5,0.057243
SMR,10,0.061595
SMR,15,0.062823
SMR,20,0.062013
SMR,25,0.060791
SMR,30,0.062364
SMR,35,0.068379
SMR,40,0.076672
SMR,45,0.077476
SMR,50,0.071586
SMR,55,0.058584
SMR,60,0.051451
SMR,65,0.049673
SMR,70,0.040954
SMR,75,0.033885
SMR,80,0.02625
SMR,85,0.016285
SMR,90,0.007516
SMR,95,0.002524
missing,0,0.131696
missing,5,0.104668
missing,10,0.100311
missing,15,0.091127
missing,20,0.073907
missing,25,0.073289
missing,30,0.056853
missing,35,0.058269
missing,40,0.05532
missing,45,0.049719
missing,50,0.051121
missing,55,0.037456
missing,60,0.044297
missing,65,0.023729
missing,70,0.016628
missing,75,0.015708
missing,80,0.007148
missing,85,0.005629
missing,90,0.002478
missing,95,0.000647
TUV,0,0.094665
TUV,5,0.106027
TUV,10,0.105775
TUV,15,0.096747
TUV,20,0.088131
TUV,25,0.078938
TUV,30,0.068288
TUV,35,0.059533
TUV,40,0.054902
TUV,45,0.052402
TUV,50,0.04809
TUV,55,0.043816
TUV,60,0.036581
TUV,65,0.025579
TUV,70,0.018326
TUV,75,0.011218
TUV,80,0.006656
TUV,85,0.00324
TUV,90,0.000954
TUV,95,0.000133
VIR,0,0.066199
VIR,5,0.067848
VIR,10,0.068006
VIR,15,0.064288
VIR,20,0.056059
VIR,25,0.054326
VIR,30,0.059512
VIR,35,0.05974
VIR,40,0.063417
VIR,45,0.071301
VIR,50,0.072252
VIR,55,0.070892
VIR,60,0.064827
VIR,65,0.064171
VIR,70,0.049347
VIR,75,0.026958
VIR,80,0.011965
VIR,85,0.005938
VIR,90,0.00231
VIR,95,0.000643
SSD,0,0.170063
SSD,5,0.156231
SSD,10,0.137611
SSD,15,0.111345
SSD,20,0.074436
SSD,25,0.065033
SSD,30,0.062607
SSD,35,0.054751
SSD,40,0.045813
SSD,45,0.036736
SSD,50,0.027234
SSD,55,0.019532
SSD,60,0.013361
SSD,65,0.010047
SSD,70,0.006805
SSD,75,0.004334
SSD,80,0.002343
SSD,85,0.001143
SSD,90,0.000451
SSD,95,0.000124
SDN,0,0.14693
SDN,5,0.137225
SDN,10,0.124343
SDN,15,0.109473
SDN,20,0.094586
SDN,25,0.081084
SDN,30,0.068139
SDN,35,0.057123
SDN,40,0.047099
SDN,45,0.037888
SDN,50,0.027481
SDN,55,0.020617
SDN,60,0.01591
SDN,65,0.011612
SDN,70,0.008725
SDN,75,0.005907
SDN,80,0.003349
SDN,85,0.00163
SDN,90,0.000678
SDN,95,0.0002
